1790323953.344 1 --- connection
1790323953.345 1 S: 201 fn-nntp experimental reader ready
1790323953.345 1 C: CAPABILITIES
1790323953.345 1 S: 101 capability list follows
1790323953.345 1 S: VERSION 2
1790323953.345 1 S: READER
1790323953.345 1 S: OVER MSGID
1790323953.345 1 S: HDR
1790323953.345 1 S: NEWNEWS
1790323953.345 1 S: LIST ACTIVE ACTIVE.TIMES COUNTS HEADERS NEWSGROUPS OVERVIEW.FMT
1790323953.345 1 S: IMPLEMENTATION fn-nntp-lab
1790323953.345 1 S: STARTTLS
1790323953.345 1 S: AUTHINFO USER
1790323953.345 1 S: .
1790323953.345 1 C: AUTHINFO USER ember
1790323953.346 1 S: 381 password required
1790323953.346 1 C: AUTHINFO PASS [password]
1790323953.346 1 S: 281 authentication accepted
1790323955.347 1 C: CAPABILITIES
1790323955.348 1 S: 101 capability list follows
1790323955.348 1 S: VERSION 2
1790323955.348 1 S: READER
1790323955.348 1 S: POST
1790323955.348 1 S: OVER MSGID
1790323955.348 1 S: HDR
1790323955.348 1 S: NEWNEWS
1790323955.348 1 S: LIST ACTIVE ACTIVE.TIMES COUNTS HEADERS NEWSGROUPS OVERVIEW.FMT
1790323955.348 1 S: IMPLEMENTATION fn-nntp-lab
1790323955.348 1 S: STARTTLS
1790323955.348 1 S: .
1790323955.348 1 C: LIST OVERVIEW.FMT
1790323955.348 1 S: 215 order of fields in overview database
1790323955.348 1 S: Subject:
1790323955.348 1 S: From:
1790323955.348 1 S: Date:
1790323955.348 1 S: Message-ID:
1790323955.348 1 S: References:
1790323955.348 1 S: :bytes
1790323955.348 1 S: :lines
1790323955.348 1 S: .
1790323957.352 1 C: LIST COUNTS
1790323957.352 1 S: 215 list of newsgroups follows
1790323957.352 1 S: fn.agents 0 1 0 y
1790323957.352 1 S: fn.test 6 1 6 y
1790323957.352 1 S: .
1790323957.352 1 C: LIST NEWSGROUPS
1790323957.353 1 S: 215 list of newsgroups follows
1790323957.353 1 S: fn.agents	(no description)
1790323957.353 1 S: fn.test	(no description)
1790323957.353 1 S: .
1790323966.597 1 C: LISTGROUP fn.test
1790323966.598 1 S: 211 6 1 6 fn.test list follows
1790323966.598 1 S: 1
1790323966.598 1 S: 2
1790323966.598 1 S: 3
1790323966.598 1 S: 4
1790323966.598 1 S: 5
1790323966.598 1 C: OVER 1-6
1790323966.598 1 S: 6
1790323966.598 1 S: .
1790323966.605 1 S: 224 overview information follows
1790323966.605 1 S: 1	probe root	ember <ember@x.invalid>	Fri, 25 Sep 2026 07:58:47 +0000	<probe-root@x.invalid>		280	1
1790323966.605 1 S: 2	Re: probe root	guest <guest@x.invalid>	Fri, 25 Sep 2026 07:58:47 +0000	<probe-irt@x.invalid>		324	1
1790323966.605 1 S: 3	Signed hello from the reader spike	ember <ember@spike.invalid>	Fri, 25 Sep 2026 08:11:31 +0000	<fn-client.20260925T081131Z.beec9760@ember.invalid>		7873	2
1790323966.605 1 S: 4	Re: Signed hello from the reader spike	ember <ember@spike.invalid>	Fri, 25 Sep 2026 08:11:35 +0000	<fn-client.20260925T081135Z.d4a707ed@ember.invalid>	<fn-client.20260925T081131Z.beec9760@ember.invalid>	7924	1
1790323966.605 1 S: 5	Re: Signed hello from the reader spike	ember <ember@spike.invalid>	Fri, 25 Sep 2026 08:11:36 +0000	<fn-client.20260925T081136Z.67d077ae@ember.invalid>	<fn-client.20260925T081131Z.beec9760@ember.invalid> <fn-client.20260925T081135Z.d4a707ed@ember.invalid>	485	1
1790323966.605 1 S: 6	ember logs in, guest's key signs	ember <ember@spike.invalid>	Fri, 25 Sep 2026 08:12:03 +0000	<fn-client.20260925T081203Z.b92e3e21@ember.invalid>		7826	1
1790323966.605 1 S: .
1790323966.605 1 C: LIST HEADERS RANGE
1790323966.605 1 S: 215 field list follows
1790323966.605 1 S: :
1790323966.605 1 S: :bytes
1790323966.605 1 S: :lines
1790323966.605 1 S: .
1790323966.605 1 C: HDR XREF 1-6
1790323966.613 1 S: 225 headers follow
1790323966.613 1 S: 1 
1790323966.613 1 S: 2 
1790323966.613 1 S: 3 
1790323966.613 1 S: 4 
1790323966.613 1 S: 5 
1790323966.613 1 S: 6 
1790323966.613 1 S: .
1790323973.865 1 C: ARTICLE 3
1790323973.866 1 S: 220 3 <fn-client.20260925T081131Z.beec9760@ember.invalid> article follows
1790323973.866 1 S: Path: fn.example.invalid!not-for-mail
1790323973.866 1 S: Injection-Info: fn.example.invalid
1790323973.866 1 S: FN-Authorship: AQFYIJJhdnqGOWqSTDLfR2wcbameFteoqkRsNa1w6qMosPQDAVggAfTnHiM+hOv9YeGPnm3G
1790323973.866 1 S: 	kvkmOhZG9KxDzAsTd9WNT40CWQegzjCQceqtpMqzT4dSGhYcpykuQIVeL2vzHbUMrl1Y8sfz
1790323973.866 1 S: 	s6Ancz7crJSYJF1c+4HgrNCNyRA36nvwSOVlZSlgIFrbITN/Jp7tPp+lMGAWlPL5RQnElW/Z
1790323973.866 1 S: 	xBTYIKmhqkpHtr9gnw5txHR8orbIsQgtlwnVNxj3xKNUTBrKYfQSYL/4G4dtqdhjNJWW0PGb
1790323973.866 1 S: 	B2Rr8Jsg+Vhps8qNAdhCVj3RZfQnMXQvC+N9Gew4Ux8Yb2LzsglQwzrRZIdC3irdwLM6WrxP
1790323973.866 1 S: 	dFLq74aZkeI9Lp2N3eKnRv2/G7lFc/pl3iDlLHj7tyvA0BtYzniDcot8NkipRMa896ZR8Npi
1790323973.866 1 S: 	6m6qGCMrdM0bOhGMjkMAw4vd18CV9CILdS7pG/JCnYz3NbiaRQ3Ks0gLJ6ddW09FbfrI1J+d
1790323973.866 1 S: 	cvS6Gx1SEthAjdlSdQhbiIr+Oq2/zjbWuyilU7T/fRl6g2egSouHjF9ZBJ67j5Zm7RjidJ3y
1790323973.866 1 S: 	IBpY53qUjm/nK7fDDKDjlLMeL8W73gCDjdBmDqZUGbmZzjtgKGpFpJb159HXLN7kVSWPR8X5
1790323973.866 1 S: 	1iNtRnjop93cbi/Zww9+nNVQGOSvJmbShLagXP0dfrFpiICiP9zRU8gswgRkSkhMKXH4wdYR
1790323973.866 1 S: 	/jyowZZkZ6BP3bRVy+n+S5G+s425P6Mi71tC1qeqMNE6Km5GiIRODZLNIO4Vaj93kdX5VCqC
1790323973.866 1 S: 	xKD3yB0cThihQNRI4p5YSUCGD8ZEoxjL4CXr++tdlSAIYdlhZCHXtULzMT4ZXSsv7qpTSKGD
1790323973.866 1 S: 	ajZR8eOUYwdFTxswMtIjIiWB+OhiQQSHGyd+iQrm6UQ2jGwz+KI6LIe3Xrm9qHwsUlI22hSD
1790323973.866 1 S: 	MsfCIXdDKfGvGkjC2BbmgasQiFSe8C6tF4d+BzJ6dWAz9QqiIm+8sr9fvsfhVdOL2Mb2Ct8C
1790323973.866 1 S: 	0bcNl7iXgoqgJdjfJ9Ptx+O5cKyPb4JEpmX83eA6Xneo5Hv5jpBp87BJMrUSZaOUeBQaBFe7
1790323973.866 1 S: 	4AAYC7KZnPO4E7Aj8BtqHM6SKJ9toJrYlwwjCRlsLNFIpjqD1KO0O5XGBnSnV7no0B/db/qO
1790323973.866 1 S: 	r2aytzXl7DVDnydlJHK+zzFGvjrI811qd8IzmhPPr8VH5AvIfBoj0wb4jScxYIVaGi1xS4XP
1790323973.866 1 S: 	kWzeF5DBkAxfDFX7877ghrM7MqLsglMGLjP5wQJNwNpQ3ZkbPi6JeuyvhNxL8s3Bjf08D9xq
1790323973.866 1 S: 	nRauZckWfyAvKRcEjBgVzpz7wM+YCkG64tt/DMaXE50WcQo3oCTYPLw96hWxVmmb+q+bdsrR
1790323973.866 1 S: 	FOMdzUFiDqLthvjawFISIYzHvoWtB5UIe9fJymSHcQktLuyL/O9BMMUxLQjV7Lp3mIxEshUM
1790323973.866 1 S: 	FGDZpj96HDlmBdl2jcsglEdDxABL9ch0c/A6cKrTOKuzsYctm8OjHcYqvyWWXVnO5aIQNv3g
1790323973.866 1 S: 	n6qNzaNHbq+GkicrUanxAUmSthdqPtEkQiPVDYHpzD7tv+gQwdHtiS0y41aN55/TEh3P+zjN
1790323973.866 1 S: 	WPUn/DMWLpNkVkTgaHS5od5FoOMzYDdUMKDO2ASbkItHKFse5NfPPmIHZxnmHQo2ia3vP0d8
1790323973.866 1 S: 	7OAkVhM8nRkA00VieXDjVcjt5UCNmWrckHxUUxST0muEDJC4YwE4yrZz+ZA0LkAH9WS1p/4g
1790323973.867 1 S: 	MDaGA7mgNtUVQGZE98/g4C9CEOFCWj+4X8Nyjpy2MJTa+FyVfTQK0tB+xw7SmWRU0hj5fZU4
1790323973.867 1 S: 	NCD2dHehuFex8pVdz9RccWEuPfxJ6bAC+h0XBKJtxpXDY9MW9DhpcrpXaMg/hXTVt720s8t4
1790323973.867 1 S: 	8ITBjzE3FUAAnP5U4YoENujsA71WJ9gDrFDsePtQXo1LmCQmECFE6nCZrYaDR3ZnP4zVhryy
1790323973.867 1 S: 	jwHakOgFsKBAiDVnLxwE7UCDnh9Uo1iOj+SEfl0kjh7DA+v/yFolPR05KWKb017jCXnY6RUK
1790323973.867 1 S: 	4HoGbq0BIpIs+6+LHDurKHwLW6MOafqlgrVr002vr4v6gLQ5nvNJ6KhWzmUh7iXxNUysSdnj
1790323973.867 1 S: 	on0JYm/lpDFfNTUfPd9c/DZoWVchOUfSueJaLNsZYLWTYuPsdPgg5aBY8fQ4LsDKStgcT1Oh
1790323973.867 1 S: 	ATAr2XFxR/yi1Cj4c2LdlXTf6GrIFlYUYhBSNPQtgW9YVP5usGDiCkhROMaOaTIDuPD45OQP
1790323973.867 1 S: 	DmMKOqSax5v+vapkNDBHxGWwzcMMjtIVOps2GdtcNsjKM5nt6krtO5D1o3X4UfovgV/xixq7
1790323973.867 1 S: 	JRLT9WBVM2jFaLwsi1RRgvlQFQbkpu2JkAfPnDo8t67oeNpxC+eUz/hcBw2/3TaYfd0Z+avi
1790323973.867 1 S: 	oaLU7FzVELhcr6ZBolCxsGDcPfCZGIuAZzgxTfFfuVcZ+LMCueppabJnxT/Pi++vpqPkV4vA
1790323973.867 1 S: 	DIkhX1/Ihe0bTLIcf5DOGpNa4El3I6Uj2JpDZfhfgOzqG4anUoZ8Jp4Az0Dqbp/v8kDKeBxE
1790323973.867 1 S: 	yuM4Y3HLGx9YEZBhHsQmDpVskkz8hFx1mSBJpoFO9y2LNX+3/P+ceEdXVMV3xuJv8/JC8KFG
1790323973.867 1 S: 	VKvkXZaFizf/samwo2tqf9z1pimeCX7gRFD8d+V8LJWOC6aZCIgcfPeJYIISLr1YBljkz0er
1790323973.867 1 S: 	hNpPWtBDKCqxS0Q0dhVHu90ljivM0rFkyOKlUmRYQJAAlLzqRhRwAdQGW7/8hAaF1LxhTkbc
1790323973.867 1 S: 	2ZxKVETA9kiuGDBhLxgLXvOkvWi2ECmoQIbGjHJgGx2hdrH03jysTAdZDO1GiAGY9sYbEFoK
1790323973.867 1 S: 	PKU2y/nzTxD5WilCIVzINVnEXVkKR6b/vsFYt3xRJ8T75WJtz0mEUZqMEZeDcPYKSYWWkXhG
1790323973.867 1 S: 	7lW1K30iQgV4NeParq6SJnWMd1tqPh02w+OUllqCUXS+uxzE760WWytz3OcOvefrTSEtUmWy
1790323973.867 1 S: 	v6pBQTrQZsNcrDtjeVU6i8W+MjyrNNunL2eCFpYMAp9aVP5o/k/Ya48mD/Njj+pMYMyYtSKT
1790323973.867 1 S: 	v8FK2fst4h2nth/WoGr/CZ21z15BU6mn/wvMWw3vMlxhsIkglc/SqvdUqIbsBffZ2ihKMFk+
1790323973.867 1 S: 	JRoCIUP/Kgh5ciz2wGDeCtH5KiSbVdbYVwVdW0LQUcNqzZNP/AczwZ6Pl9edkKYNc2Ro6b3c
1790323973.867 1 S: 	To0kE0rxLqEine2VHM3Bg6D3VFOngUMZVxz3/q0Lh5XX4umQDNNOLnFYjnnK8Iy8D1FxD61C
1790323973.867 1 S: 	eLWlTgFga4Lu3w0HM3aNwb12o2WFUmQwIRJKnjcREyBy3c7ik7SkpD0/VMWa8BN3Dr1AE+Bo
1790323973.867 1 S: 	5iV5jkQ3cLUo/nv5OK89LAid/WTzmmxYTQaI6DpnZ19Xl0GAqrNYogLlkiwoakjkWEYhmnyD
1790323973.867 1 S: 	HBtuWrSd02OKwNtAhEbww3WosT5gB5w7RFBIUMK3GMIoX9JXRGmy6ZhfohNvagiZB/cT7lUa
1790323973.867 1 S: 	ZyO7PBpHVStuv5UMLi3IApAJF/PtW4xxyO1d5a3GRpArzBtwt7KJr8A8Z1M08u97OQKybRnc
1790323973.867 1 S: 	4zqlb59fF/3w4Z2awG/QPiWTdKCSZcT4ofDdjuGpAGNtgEgAZPsRUQl0kF/ScxSk8xfaRoBo
1790323973.867 1 S: 	KY/RSny6+95bdhLv14qmmUyzOLTBmFwdGE+3jRdpHsfhgu0qU0nAvRT2u8aadHnAWqcsm+Z9
1790323973.867 1 S: 	tazG9LlGG8yTH6yQaSc9uhitLhrx5BSkHsa9DzSE9jVeVoQ1mq9L8VdNUrNmdgSDLt2osoHY
1790323973.867 1 S: 	UTqnp0XbYIwnBk/ITyqGOT9ysG3JAbqesbyDSOFdIsuLx1UJn3a7bZSMUULhO6J6YCmHPAaN
1790323973.867 1 S: 	6iLaH3y3qeCfkQ1t+fd1jzVDIDNm+f2NIuE3wTNPSMPoSIkKxi+SgjNiqDfOOiwxuTfr3P7k
1790323973.867 1 S: 	188CGQo4BUsst1ioKKTrUBhAARt0Vi70zDFXpU0QQqmEqxDwZ8GWz2n3sVi93krC8MGKWMVI
1790323973.867 1 S: 	AfTBEiu4EGUvlBoxWk2XRgHU2HYhf5BHo0sN028LuU/e6kSb2p+Ne//WzHscLfPCftvfYr7l
1790323973.867 1 S: 	WxahILRYCSRIag6XXjtlrR0uJTtRC4Hfb8j+73w5j50sXei5s8aGb9sTi2WtQ+76bKxmkYIp
1790323973.867 1 S: 	eaH6xZKUNDEYsISj/sV31NDSbxNyxnoTM+u/RLIU92iux3kk4lAUuZ5uPtld4DY+WAvjs9hI
1790323973.867 1 S: 	fW3Vr7izUHRy1+S0J67UVUofy5uhgpqlWcc5BfNVLjY4vRIn99+CwJbjA12BiFz/JxWaGeCk
1790323973.867 1 S: 	N6oj4RANg9pIa7QkGm6/DFLt3KA6hKR6jBe5kb7y2ke49rAuQ2Lk5YXqdOWVKkwBtmpYfouU
1790323973.867 1 S: 	4DmLNP+fMOTSNNamCpYF2M6GRVNDbWLHdMKkpv0x1Y9cOGGbz2/cjorD7iNBdfhCklcO81l0
1790323973.867 1 S: 	IYxUMdYB9LnHbU/dzMG95lqyc70wVW2HsjrCANAn53ukalpr5tLalNUy2HDzEE/la6v5lsmw
1790323973.867 1 S: 	tp7jdi26MBUFdMoaf6bxlNj8MXCbkCU/706q3gwKNxXniBgvEcIcWrf804IUv/k8v6Yi8uFH
1790323973.867 1 S: 	CjQK9Nj9kz3QtOaewWh4sRdbjRbXQMRG3UFpyCq0KQc7XN2IbDUpB3k9r8JYvpSb5yWrimZu
1790323973.867 1 S: 	+DCa6gS5DM03EFnkuQQPaNlTbRPjn+EcxjNPRVtbWz2/ZrDOsEONAVpGFbdwIKP8qiVuQbUi
1790323973.867 1 S: 	izCkEpd17JCIx6DuliqTogJ2CEJPGMMzjCy7lYaVa5cpOvStNLH+Pe1sqxdeyhDnb6+p0Ucj
1790323973.867 1 S: 	T0eX55qx+AgT/LhJ9hIXGSpzRbOTH22aPogVftR6HHNKgZgjtK/EUsO9fs0zH+uurLG+v7XI
1790323973.867 1 S: 	WlRIESpTXC81aBT/kZnWp9lGm2udIReu1R281q/r3wL0EAIPRKKn/GnzXfM4dvdZ5uTQO0yi
1790323973.867 1 S: 	MEN/4eWAPCmgM51Ay/HcE0q17/o8nk5sjkGYwc+7E7Mc4stFboKfHh9NpT6c+hWJvh/xbiv3
1790323973.867 1 S: 	LEec1j4Koq9Z3sCDQVCYON9rro8rlCoUWf7uUVAUEgn6b7DMEULHjgHFgEkR1hrsrS5j1kD3
1790323973.867 1 S: 	g/ycG/wANNNCr/jUDD3mzAOFCYCgWY/xvrjOueQn0TLufyicH97cUFIlWq6v/3peu1N66WA4
1790323973.867 1 S: 	ODiT7Mf0UQbgJ0rdcWYTNFdgJNAqfMeRFSvXJgOns1gvj9Ah/se5ZrurFY/MEIrx/3nPnrjx
1790323973.867 1 S: 	XRqIzri/3HWfS4Yo0EMC/WpcwczYu5kGBIkH2F090f6Pw5QF9NXFX2jhGlrX9cmh8OH9Gl+M
1790323973.867 1 S: 	XgGcGMYcuNp82kZGbNAD7jMwLHu4dSDsOEH2fO1uYwvNVXSecORgFa/5SbMQKyKXNeVcW0kg
1790323973.867 1 S: 	ymvxmKUOfBoHEMt/PgZlU3k6QmRgDRczgU1T7z7QtooNR/a1WdqAcXnkQxapFrUGoJP95cPg
1790323973.867 1 S: 	kWOFABGZsCxba9fCRg3xHJDsBX6Tq9WR5EoAjhpVRNR5EUungjQsKaeflkT3mVrD3hbvmvQW
1790323973.867 1 S: 	coF8AR6O8zxRRuUcdzcFtW3g/h0eOooPCO0Y8WFXC9Zx9aczhGlK7kzrpIIv6Pel2WZtrvIP
1790323973.867 1 S: 	13z7pCrfMm5cwwJPNSmXOwrXzPSvuH8lbNzSRAbegjUi2BbFRuH3ksA5v36I3jPQW5gOIrkw
1790323973.867 1 S: 	vD9dsTG9WtbwtFMS/pAeTaG6Z+P7B0KOEwImXS3T2A9vdGvRp73LQduW6FvdXH/BJKp/POXu
1790323973.867 1 S: 	GSgrryNmUMSjNz1hteDmzhvUShFAcjxfmsfp2WbdNnWZSYrDt4j3gtqf9ZVHRWtFJdOhkZDh
1790323973.867 1 S: 	0vBmHAVmwnqu8l73PAfilBFYDIURGVZqs58+1COhd71DSmOK1s6odM8jmhlfuk+pmVxHMIwZ
1790323973.867 1 S: 	cXhBlwybreCZSuvvROfEX49CfHBxuWUjahF8q3Hbu5k2e2MHJcQtDR1fhfPHMHGIuW28sd0u
1790323973.867 1 S: 	htdipyM0qo5DlwvcnNuamx0O+Y2Dy7zUxUiv9UjTxBK2j+PzCk86iA2Nrm+T4q39XVRROV1H
1790323973.867 1 S: 	xp8He5sO1qJqxuKdynxa5jzc5YRlpwxExvtDcnq2UI2+zfwW1GXwE5rkK6U+8JSnhkDI8gSQ
1790323973.867 1 S: 	oLG0RlbClG79VLosQEe5BfnEFUbxWlL8tErD9jFJPcWxW/2KKXAWe98gAhkdd6fh0WDuN52B
1790323973.867 1 S: 	PMZnCgs7zyae7H1v8kxmp5cPZj718pcrvf7TJhHbb0I97ZgZdlJD0X62E82JT9A9acqUiaOD
1790323973.867 1 S: 	XEbZ90AaONGsufoEOW5YgSkSaNKCGb8cbWji19eJVQmB8SboiRiZMTkyUtXPPy4qKjOTl7ZL
1790323973.867 1 S: 	1gzT2Zzctzqra9YY8gDhWe7L4AGCgcWxpRc29GRMyiPU3zCvJhrGHRlpAveHeJBhT1qkF+lr
1790323973.867 1 S: 	ybCIvV29GVb1ZNpCNswS+yjeBSkKLnlRqhyZr+CEdLsaTVyBwgtar8gTRKSw+bXe1KgUG5ZB
1790323973.867 1 S: 	Ax9TOCqcmilM7rp9zBGGRt6DuNB5g5ZNbhoVpHBNNK+s/8eHV6BTjc6NFtSJOFj1VyyVDZf1
1790323973.867 1 S: 	OcnXJ8/SWhsL0aVMxcU28CY16Pl1BKa4vcAQw0e1IF+9zK5Yt353tFk8djcT5iy5pKtCkp8g
1790323973.867 1 S: 	EOrq9SthG1J9D0SHupRG2pgIQGjCWd53+vGS326/omgRy21nMuf+HHh8hG1+9ZGk4rEbsvmV
1790323973.867 1 S: 	VgdBcrCSSI1q2FyJ8EYIW8vcJsvIjx+AXfRiezqEGYjeZxMIDhHkNSxPLnqdxy8ruiSXwnWL
1790323973.867 1 S: 	LLSYRkEt1D6SrMqtcX+OhKENYv/7ZH+smMJAZZWUIQZG3OadbkWBY3YXNCwBdzTXua0FQhMb
1790323973.867 1 S: 	kOdFJuTdPuSYBzhEZzebTYmzV4I3Y6tnPuTw6irUrRzULLsiU1aky2I5sUkxHZjqkkoUlFH7
1790323973.867 1 S: 	UiBJg9MQkpF9PScDeb+iuXdvZUZ109w2+pQhfw6vcMFSS/WovDBM7eAteTFzKZ6eeU0CItUZ
1790323973.867 1 S: 	cvjzcUO7mRFPfSL+TuUuALXFQJdaf7zHWmjL+x/q3RYpkvzhZK2ShB5C0yQ7sKv68y2kVTLq
1790323973.867 1 S: 	zeYPYh9NVmUNq75wMJXi0k9gVYD13zHr6peVFcLrlEwhJC9CtEdBNhRIakBFOYz6j1KojrAo
1790323973.867 1 S: 	mmGjqY/kTgL4xSBsxPvtXg5FpMq5Z7LqWAz/Mv154DJ581Ny2B0tedNXhopjf6BXantLhRU2
1790323973.867 1 S: 	Q5Kn8TxDWmp3pchxfIiu3DY9UNMsVnd5iY/SdofjAAAAAAAAAAAAAAAAAAAAAAAAAAAAAAAG
1790323973.867 1 S: 	DRIWHSA=
1790323973.867 1 S: From: ember <ember@spike.invalid>
1790323973.867 1 S: Newsgroups: fn.test
1790323973.867 1 S: Subject: Signed hello from the reader spike
1790323973.867 1 S: Message-ID: <fn-client.20260925T081131Z.beec9760@ember.invalid>
1790323973.867 1 S: Date: Fri, 25 Sep 2026 08:11:31 +0000
1790323973.867 1 S: 
1790323973.867 1 S: This article is signed on the author's machine.
1790323973.867 1 S: ..a dot-led line
1790323973.867 1 S: .
1790324146.472 1 C: QUIT
1790324146.472 1 S: 205 closing connection
=== run1
1790324146.497 2 --- connection
1790324146.526 2 S: 201 fn-nntp experimental reader ready
1790324146.526 2 C: CAPABILITIES
1790324146.526 2 S: 101 capability list follows
1790324146.526 2 S: VERSION 2
1790324146.526 2 S: READER
1790324146.526 2 S: OVER MSGID
1790324146.526 2 S: HDR
1790324146.526 2 S: NEWNEWS
1790324146.526 2 S: LIST ACTIVE ACTIVE.TIMES COUNTS HEADERS NEWSGROUPS OVERVIEW.FMT
1790324146.526 2 S: IMPLEMENTATION fn-nntp-lab
1790324146.527 2 S: STARTTLS
1790324146.527 2 S: AUTHINFO USER
1790324146.527 2 S: .
1790324146.527 2 C: AUTHINFO USER ember
1790324146.527 2 S: 381 password required
1790324146.527 2 C: AUTHINFO PASS [password]
1790324146.527 2 S: 281 authentication accepted
1790324148.529 2 C: CAPABILITIES
1790324148.529 2 S: 101 capability list follows
1790324148.530 2 S: VERSION 2
1790324148.530 2 S: READER
1790324148.530 2 S: POST
1790324148.530 2 S: OVER MSGID
1790324148.530 2 S: HDR
1790324148.530 2 S: NEWNEWS
1790324148.530 2 S: LIST ACTIVE ACTIVE.TIMES COUNTS HEADERS NEWSGROUPS OVERVIEW.FMT
1790324148.530 2 S: IMPLEMENTATION fn-nntp-lab
1790324148.530 2 S: STARTTLS
1790324148.530 2 S: .
1790324148.530 2 C: LIST OVERVIEW.FMT
1790324148.530 2 S: 215 order of fields in overview database
1790324148.530 2 S: Subject:
1790324148.530 2 S: From:
1790324148.530 2 S: Date:
1790324148.530 2 S: Message-ID:
1790324148.530 2 S: References:
1790324148.530 2 S: :bytes
1790324148.530 2 S: :lines
1790324148.530 2 S: .
1790324150.533 2 C: LIST COUNTS
1790324150.533 2 S: 215 list of newsgroups follows
1790324150.533 2 S: fn.agents 0 1 0 y
1790324150.533 2 S: fn.test 6 1 6 y
1790324150.533 2 S: .
1790324150.534 2 C: LIST NEWSGROUPS
1790324150.535 2 S: 215 list of newsgroups follows
1790324150.535 2 S: fn.agents	(no description)
1790324150.535 2 S: fn.test	(no description)
1790324150.535 2 S: .
=== run2
1790324177.894 2 C: QUIT
1790324177.894 2 S: 205 closing connection
1790324177.913 3 --- connection
1790324177.914 3 S: 201 fn-nntp experimental reader ready
1790324177.914 3 C: CAPABILITIES
1790324177.914 3 S: 101 capability list follows
1790324177.914 3 S: VERSION 2
1790324177.914 3 S: READER
1790324177.914 3 S: OVER MSGID
1790324177.914 3 S: HDR
1790324177.914 3 S: NEWNEWS
1790324177.914 3 S: LIST ACTIVE ACTIVE.TIMES COUNTS HEADERS NEWSGROUPS OVERVIEW.FMT
1790324177.914 3 S: IMPLEMENTATION fn-nntp-lab
1790324177.914 3 S: STARTTLS
1790324177.914 3 S: AUTHINFO USER
1790324177.914 3 S: .
1790324177.914 3 C: AUTHINFO USER ember
1790324177.914 3 S: 381 password required
1790324177.915 3 C: AUTHINFO PASS [password]
1790324177.915 3 S: 281 authentication accepted
1790324179.916 3 C: CAPABILITIES
1790324179.916 3 S: 101 capability list follows
1790324179.916 3 S: VERSION 2
1790324179.916 3 S: READER
1790324179.916 3 S: POST
1790324179.917 3 S: OVER MSGID
1790324179.917 3 S: HDR
1790324179.917 3 S: NEWNEWS
1790324179.917 3 S: LIST ACTIVE ACTIVE.TIMES COUNTS HEADERS NEWSGROUPS OVERVIEW.FMT
1790324179.917 3 S: IMPLEMENTATION fn-nntp-lab
1790324179.917 3 S: STARTTLS
1790324179.917 3 S: .
1790324179.917 3 C: LIST OVERVIEW.FMT
1790324179.917 3 S: 215 order of fields in overview database
1790324179.917 3 S: Subject:
1790324179.917 3 S: From:
1790324179.917 3 S: Date:
1790324179.917 3 S: Message-ID:
1790324179.917 3 S: References:
1790324179.917 3 S: :bytes
1790324179.917 3 S: :lines
1790324179.917 3 S: .
1790324181.919 3 C: LIST COUNTS
1790324181.919 3 S: 215 list of newsgroups follows
1790324181.919 3 S: fn.agents 0 1 0 y
1790324181.919 3 S: fn.test 6 1 6 y
1790324181.919 3 S: .
1790324181.920 3 C: LIST NEWSGROUPS
1790324181.920 3 S: 215 list of newsgroups follows
1790324181.920 3 S: fn.agents	(no description)
1790324181.920 3 S: fn.test	(no description)
1790324181.920 3 S: .
1790324185.917 3 C: LISTGROUP fn.test
1790324185.918 3 S: 211 6 1 6 fn.test list follows
1790324185.918 3 S: 1
1790324185.918 3 S: 2
1790324185.918 3 S: 3
1790324185.918 3 S: 4
1790324185.918 3 S: 5
1790324185.918 3 S: 6
1790324185.918 3 S: .
1790324185.918 3 C: OVER 1-6
1790324185.925 3 S: 224 overview information follows
1790324185.925 3 S: 1	probe root	ember <ember@x.invalid>	Fri, 25 Sep 2026 07:58:47 +0000	<probe-root@x.invalid>		280	1
1790324185.925 3 S: 2	Re: probe root	guest <guest@x.invalid>	Fri, 25 Sep 2026 07:58:47 +0000	<probe-irt@x.invalid>		324	1
1790324185.925 3 S: 3	Signed hello from the reader spike	ember <ember@spike.invalid>	Fri, 25 Sep 2026 08:11:31 +0000	<fn-client.20260925T081131Z.beec9760@ember.invalid>		7873	2
1790324185.925 3 S: 4	Re: Signed hello from the reader spike	ember <ember@spike.invalid>	Fri, 25 Sep 2026 08:11:35 +0000	<fn-client.20260925T081135Z.d4a707ed@ember.invalid>	<fn-client.20260925T081131Z.beec9760@ember.invalid>	7924	1
1790324185.925 3 S: 5	Re: Signed hello from the reader spike	ember <ember@spike.invalid>	Fri, 25 Sep 2026 08:11:36 +0000	<fn-client.20260925T081136Z.67d077ae@ember.invalid>	<fn-client.20260925T081131Z.beec9760@ember.invalid> <fn-client.20260925T081135Z.d4a707ed@ember.invalid>	485	1
1790324185.925 3 S: 6	ember logs in, guest's key signs	ember <ember@spike.invalid>	Fri, 25 Sep 2026 08:12:03 +0000	<fn-client.20260925T081203Z.b92e3e21@ember.invalid>		7826	1
1790324185.925 3 S: .
1790324185.925 3 C: LIST HEADERS RANGE
1790324185.925 3 S: 215 field list follows
1790324185.925 3 S: :
1790324185.925 3 S: :bytes
1790324185.925 3 S: :lines
1790324185.925 3 S: .
1790324185.925 3 C: HDR XREF 1-6
1790324185.931 3 S: 225 headers follow
1790324185.931 3 S: 1 
1790324185.931 3 S: 2 
1790324185.931 3 S: 3 
1790324185.931 3 S: 4 
1790324185.931 3 S: 5 
1790324185.931 3 S: 6 
1790324185.931 3 S: .
1790324223.018 3 C: QUIT
1790324223.018 3 S: 205 closing connection
=== run3
1790324225.041 4 --- connection
1790324225.042 4 S: 201 fn-nntp experimental reader ready
1790324225.042 4 C: CAPABILITIES
1790324225.043 4 S: 101 capability list follows
1790324225.043 4 S: VERSION 2
1790324225.043 4 S: READER
1790324225.043 4 S: OVER MSGID
1790324225.043 4 S: HDR
1790324225.043 4 S: NEWNEWS
1790324225.043 4 S: LIST ACTIVE ACTIVE.TIMES COUNTS HEADERS NEWSGROUPS OVERVIEW.FMT
1790324225.043 4 S: IMPLEMENTATION fn-nntp-lab
1790324225.043 4 S: STARTTLS
1790324225.043 4 S: AUTHINFO USER
1790324225.043 4 S: .
1790324225.043 4 C: AUTHINFO USER ember
1790324225.043 4 S: 381 password required
1790324225.043 4 C: AUTHINFO PASS [password]
1790324225.043 4 S: 281 authentication accepted
1790324227.045 4 C: CAPABILITIES
1790324227.046 4 S: 101 capability list follows
1790324227.046 4 S: VERSION 2
1790324227.046 4 S: READER
1790324227.046 4 S: POST
1790324227.046 4 S: OVER MSGID
1790324227.046 4 S: HDR
1790324227.046 4 S: NEWNEWS
1790324227.046 4 S: LIST ACTIVE ACTIVE.TIMES COUNTS HEADERS NEWSGROUPS OVERVIEW.FMT
1790324227.046 4 S: IMPLEMENTATION fn-nntp-lab
1790324227.046 4 S: STARTTLS
1790324227.046 4 S: .
1790324227.046 4 C: LIST OVERVIEW.FMT
1790324227.046 4 S: 215 order of fields in overview database
1790324227.046 4 S: Subject:
1790324227.046 4 S: From:
1790324227.046 4 S: Date:
1790324227.046 4 S: Message-ID:
1790324227.046 4 S: References:
1790324227.046 4 S: :bytes
1790324227.046 4 S: :lines
1790324227.046 4 S: .
1790324229.049 4 C: LIST COUNTS
1790324229.050 4 S: 215 list of newsgroups follows
1790324229.050 4 S: fn.agents 0 1 0 y
1790324229.050 4 S: fn.test 6 1 6 y
1790324229.050 4 S: .
1790324229.050 4 C: LIST NEWSGROUPS
1790324229.050 4 S: 215 list of newsgroups follows
1790324229.050 4 S: fn.agents	(no description)
1790324229.050 4 S: fn.test	(no description)
1790324229.050 4 S: .
1790324233.048 4 C: LISTGROUP fn.test
1790324233.049 4 S: 211 6 1 6 fn.test list follows
1790324233.049 4 S: 1
1790324233.049 4 C: OVER 1-6
1790324233.049 4 S: 2
1790324233.049 4 S: 3
1790324233.049 4 S: 4
1790324233.049 4 S: 5
1790324233.049 4 S: 6
1790324233.049 4 S: .
1790324233.058 4 S: 224 overview information follows
1790324233.058 4 S: 1	probe root	ember <ember@x.invalid>	Fri, 25 Sep 2026 07:58:47 +0000	<probe-root@x.invalid>		280	1
1790324233.058 4 S: 2	Re: probe root	guest <guest@x.invalid>	Fri, 25 Sep 2026 07:58:47 +0000	<probe-irt@x.invalid>		324	1
1790324233.058 4 S: 3	Signed hello from the reader spike	ember <ember@spike.invalid>	Fri, 25 Sep 2026 08:11:31 +0000	<fn-client.20260925T081131Z.beec9760@ember.invalid>		7873	2
1790324233.058 4 S: 4	Re: Signed hello from the reader spike	ember <ember@spike.invalid>	Fri, 25 Sep 2026 08:11:35 +0000	<fn-client.20260925T081135Z.d4a707ed@ember.invalid>	<fn-client.20260925T081131Z.beec9760@ember.invalid>	7924	1
1790324233.058 4 S: 5	Re: Signed hello from the reader spike	ember <ember@spike.invalid>	Fri, 25 Sep 2026 08:11:36 +0000	<fn-client.20260925T081136Z.67d077ae@ember.invalid>	<fn-client.20260925T081131Z.beec9760@ember.invalid> <fn-client.20260925T081135Z.d4a707ed@ember.invalid>	485	1
1790324233.058 4 S: 6	ember logs in, guest's key signs	ember <ember@spike.invalid>	Fri, 25 Sep 2026 08:12:03 +0000	<fn-client.20260925T081203Z.b92e3e21@ember.invalid>		7826	1
1790324233.058 4 S: .
1790324233.058 4 C: LIST HEADERS RANGE
1790324233.058 4 S: 215 field list follows
1790324233.058 4 S: :
1790324233.058 4 S: :bytes
1790324233.058 4 S: :lines
1790324233.058 4 S: .
1790324233.058 4 C: HDR XREF 1-6
1790324233.064 4 S: 225 headers follow
1790324233.064 4 S: 1 
1790324233.064 4 S: 2 
1790324233.064 4 S: 3 
1790324233.064 4 S: 4 
1790324233.064 4 S: 5 
1790324233.064 4 S: 6 
1790324233.064 4 S: .
1790324236.055 4 C: ARTICLE 3
1790324236.056 4 S: 220 3 <fn-client.20260925T081131Z.beec9760@ember.invalid> article follows
1790324236.057 4 S: Path: fn.example.invalid!not-for-mail
1790324236.057 4 S: Injection-Info: fn.example.invalid
1790324236.057 4 S: FN-Authorship: AQFYIJJhdnqGOWqSTDLfR2wcbameFteoqkRsNa1w6qMosPQDAVggAfTnHiM+hOv9YeGPnm3G
1790324236.057 4 S: 	kvkmOhZG9KxDzAsTd9WNT40CWQegzjCQceqtpMqzT4dSGhYcpykuQIVeL2vzHbUMrl1Y8sfz
1790324236.057 4 S: 	s6Ancz7crJSYJF1c+4HgrNCNyRA36nvwSOVlZSlgIFrbITN/Jp7tPp+lMGAWlPL5RQnElW/Z
1790324236.057 4 S: 	xBTYIKmhqkpHtr9gnw5txHR8orbIsQgtlwnVNxj3xKNUTBrKYfQSYL/4G4dtqdhjNJWW0PGb
1790324236.057 4 S: 	B2Rr8Jsg+Vhps8qNAdhCVj3RZfQnMXQvC+N9Gew4Ux8Yb2LzsglQwzrRZIdC3irdwLM6WrxP
1790324236.057 4 S: 	dFLq74aZkeI9Lp2N3eKnRv2/G7lFc/pl3iDlLHj7tyvA0BtYzniDcot8NkipRMa896ZR8Npi
1790324236.057 4 S: 	6m6qGCMrdM0bOhGMjkMAw4vd18CV9CILdS7pG/JCnYz3NbiaRQ3Ks0gLJ6ddW09FbfrI1J+d
1790324236.057 4 S: 	cvS6Gx1SEthAjdlSdQhbiIr+Oq2/zjbWuyilU7T/fRl6g2egSouHjF9ZBJ67j5Zm7RjidJ3y
1790324236.057 4 S: 	IBpY53qUjm/nK7fDDKDjlLMeL8W73gCDjdBmDqZUGbmZzjtgKGpFpJb159HXLN7kVSWPR8X5
1790324236.057 4 S: 	1iNtRnjop93cbi/Zww9+nNVQGOSvJmbShLagXP0dfrFpiICiP9zRU8gswgRkSkhMKXH4wdYR
1790324236.057 4 S: 	/jyowZZkZ6BP3bRVy+n+S5G+s425P6Mi71tC1qeqMNE6Km5GiIRODZLNIO4Vaj93kdX5VCqC
1790324236.057 4 S: 	xKD3yB0cThihQNRI4p5YSUCGD8ZEoxjL4CXr++tdlSAIYdlhZCHXtULzMT4ZXSsv7qpTSKGD
1790324236.057 4 S: 	ajZR8eOUYwdFTxswMtIjIiWB+OhiQQSHGyd+iQrm6UQ2jGwz+KI6LIe3Xrm9qHwsUlI22hSD
1790324236.057 4 S: 	MsfCIXdDKfGvGkjC2BbmgasQiFSe8C6tF4d+BzJ6dWAz9QqiIm+8sr9fvsfhVdOL2Mb2Ct8C
1790324236.057 4 S: 	0bcNl7iXgoqgJdjfJ9Ptx+O5cKyPb4JEpmX83eA6Xneo5Hv5jpBp87BJMrUSZaOUeBQaBFe7
1790324236.057 4 S: 	4AAYC7KZnPO4E7Aj8BtqHM6SKJ9toJrYlwwjCRlsLNFIpjqD1KO0O5XGBnSnV7no0B/db/qO
1790324236.057 4 S: 	r2aytzXl7DVDnydlJHK+zzFGvjrI811qd8IzmhPPr8VH5AvIfBoj0wb4jScxYIVaGi1xS4XP
1790324236.057 4 S: 	kWzeF5DBkAxfDFX7877ghrM7MqLsglMGLjP5wQJNwNpQ3ZkbPi6JeuyvhNxL8s3Bjf08D9xq
1790324236.057 4 S: 	nRauZckWfyAvKRcEjBgVzpz7wM+YCkG64tt/DMaXE50WcQo3oCTYPLw96hWxVmmb+q+bdsrR
1790324236.057 4 S: 	FOMdzUFiDqLthvjawFISIYzHvoWtB5UIe9fJymSHcQktLuyL/O9BMMUxLQjV7Lp3mIxEshUM
1790324236.057 4 S: 	FGDZpj96HDlmBdl2jcsglEdDxABL9ch0c/A6cKrTOKuzsYctm8OjHcYqvyWWXVnO5aIQNv3g
1790324236.057 4 S: 	n6qNzaNHbq+GkicrUanxAUmSthdqPtEkQiPVDYHpzD7tv+gQwdHtiS0y41aN55/TEh3P+zjN
1790324236.057 4 S: 	WPUn/DMWLpNkVkTgaHS5od5FoOMzYDdUMKDO2ASbkItHKFse5NfPPmIHZxnmHQo2ia3vP0d8
1790324236.057 4 S: 	7OAkVhM8nRkA00VieXDjVcjt5UCNmWrckHxUUxST0muEDJC4YwE4yrZz+ZA0LkAH9WS1p/4g
1790324236.057 4 S: 	MDaGA7mgNtUVQGZE98/g4C9CEOFCWj+4X8Nyjpy2MJTa+FyVfTQK0tB+xw7SmWRU0hj5fZU4
1790324236.057 4 S: 	NCD2dHehuFex8pVdz9RccWEuPfxJ6bAC+h0XBKJtxpXDY9MW9DhpcrpXaMg/hXTVt720s8t4
1790324236.057 4 S: 	8ITBjzE3FUAAnP5U4YoENujsA71WJ9gDrFDsePtQXo1LmCQmECFE6nCZrYaDR3ZnP4zVhryy
1790324236.057 4 S: 	jwHakOgFsKBAiDVnLxwE7UCDnh9Uo1iOj+SEfl0kjh7DA+v/yFolPR05KWKb017jCXnY6RUK
1790324236.057 4 S: 	4HoGbq0BIpIs+6+LHDurKHwLW6MOafqlgrVr002vr4v6gLQ5nvNJ6KhWzmUh7iXxNUysSdnj
1790324236.057 4 S: 	on0JYm/lpDFfNTUfPd9c/DZoWVchOUfSueJaLNsZYLWTYuPsdPgg5aBY8fQ4LsDKStgcT1Oh
1790324236.057 4 S: 	ATAr2XFxR/yi1Cj4c2LdlXTf6GrIFlYUYhBSNPQtgW9YVP5usGDiCkhROMaOaTIDuPD45OQP
1790324236.057 4 S: 	DmMKOqSax5v+vapkNDBHxGWwzcMMjtIVOps2GdtcNsjKM5nt6krtO5D1o3X4UfovgV/xixq7
1790324236.057 4 S: 	JRLT9WBVM2jFaLwsi1RRgvlQFQbkpu2JkAfPnDo8t67oeNpxC+eUz/hcBw2/3TaYfd0Z+avi
1790324236.057 4 S: 	oaLU7FzVELhcr6ZBolCxsGDcPfCZGIuAZzgxTfFfuVcZ+LMCueppabJnxT/Pi++vpqPkV4vA
1790324236.057 4 S: 	DIkhX1/Ihe0bTLIcf5DOGpNa4El3I6Uj2JpDZfhfgOzqG4anUoZ8Jp4Az0Dqbp/v8kDKeBxE
1790324236.057 4 S: 	yuM4Y3HLGx9YEZBhHsQmDpVskkz8hFx1mSBJpoFO9y2LNX+3/P+ceEdXVMV3xuJv8/JC8KFG
1790324236.057 4 S: 	VKvkXZaFizf/samwo2tqf9z1pimeCX7gRFD8d+V8LJWOC6aZCIgcfPeJYIISLr1YBljkz0er
1790324236.057 4 S: 	hNpPWtBDKCqxS0Q0dhVHu90ljivM0rFkyOKlUmRYQJAAlLzqRhRwAdQGW7/8hAaF1LxhTkbc
1790324236.057 4 S: 	2ZxKVETA9kiuGDBhLxgLXvOkvWi2ECmoQIbGjHJgGx2hdrH03jysTAdZDO1GiAGY9sYbEFoK
1790324236.057 4 S: 	PKU2y/nzTxD5WilCIVzINVnEXVkKR6b/vsFYt3xRJ8T75WJtz0mEUZqMEZeDcPYKSYWWkXhG
1790324236.057 4 S: 	7lW1K30iQgV4NeParq6SJnWMd1tqPh02w+OUllqCUXS+uxzE760WWytz3OcOvefrTSEtUmWy
1790324236.057 4 S: 	v6pBQTrQZsNcrDtjeVU6i8W+MjyrNNunL2eCFpYMAp9aVP5o/k/Ya48mD/Njj+pMYMyYtSKT
1790324236.057 4 S: 	v8FK2fst4h2nth/WoGr/CZ21z15BU6mn/wvMWw3vMlxhsIkglc/SqvdUqIbsBffZ2ihKMFk+
1790324236.057 4 S: 	JRoCIUP/Kgh5ciz2wGDeCtH5KiSbVdbYVwVdW0LQUcNqzZNP/AczwZ6Pl9edkKYNc2Ro6b3c
1790324236.057 4 S: 	To0kE0rxLqEine2VHM3Bg6D3VFOngUMZVxz3/q0Lh5XX4umQDNNOLnFYjnnK8Iy8D1FxD61C
1790324236.057 4 S: 	eLWlTgFga4Lu3w0HM3aNwb12o2WFUmQwIRJKnjcREyBy3c7ik7SkpD0/VMWa8BN3Dr1AE+Bo
1790324236.057 4 S: 	5iV5jkQ3cLUo/nv5OK89LAid/WTzmmxYTQaI6DpnZ19Xl0GAqrNYogLlkiwoakjkWEYhmnyD
1790324236.057 4 S: 	HBtuWrSd02OKwNtAhEbww3WosT5gB5w7RFBIUMK3GMIoX9JXRGmy6ZhfohNvagiZB/cT7lUa
1790324236.057 4 S: 	ZyO7PBpHVStuv5UMLi3IApAJF/PtW4xxyO1d5a3GRpArzBtwt7KJr8A8Z1M08u97OQKybRnc
1790324236.057 4 S: 	4zqlb59fF/3w4Z2awG/QPiWTdKCSZcT4ofDdjuGpAGNtgEgAZPsRUQl0kF/ScxSk8xfaRoBo
1790324236.057 4 S: 	KY/RSny6+95bdhLv14qmmUyzOLTBmFwdGE+3jRdpHsfhgu0qU0nAvRT2u8aadHnAWqcsm+Z9
1790324236.057 4 S: 	tazG9LlGG8yTH6yQaSc9uhitLhrx5BSkHsa9DzSE9jVeVoQ1mq9L8VdNUrNmdgSDLt2osoHY
1790324236.057 4 S: 	UTqnp0XbYIwnBk/ITyqGOT9ysG3JAbqesbyDSOFdIsuLx1UJn3a7bZSMUULhO6J6YCmHPAaN
1790324236.057 4 S: 	6iLaH3y3qeCfkQ1t+fd1jzVDIDNm+f2NIuE3wTNPSMPoSIkKxi+SgjNiqDfOOiwxuTfr3P7k
1790324236.057 4 S: 	188CGQo4BUsst1ioKKTrUBhAARt0Vi70zDFXpU0QQqmEqxDwZ8GWz2n3sVi93krC8MGKWMVI
1790324236.058 4 S: 	AfTBEiu4EGUvlBoxWk2XRgHU2HYhf5BHo0sN028LuU/e6kSb2p+Ne//WzHscLfPCftvfYr7l
1790324236.058 4 S: 	WxahILRYCSRIag6XXjtlrR0uJTtRC4Hfb8j+73w5j50sXei5s8aGb9sTi2WtQ+76bKxmkYIp
1790324236.058 4 S: 	eaH6xZKUNDEYsISj/sV31NDSbxNyxnoTM+u/RLIU92iux3kk4lAUuZ5uPtld4DY+WAvjs9hI
1790324236.058 4 S: 	fW3Vr7izUHRy1+S0J67UVUofy5uhgpqlWcc5BfNVLjY4vRIn99+CwJbjA12BiFz/JxWaGeCk
1790324236.058 4 S: 	N6oj4RANg9pIa7QkGm6/DFLt3KA6hKR6jBe5kb7y2ke49rAuQ2Lk5YXqdOWVKkwBtmpYfouU
1790324236.058 4 S: 	4DmLNP+fMOTSNNamCpYF2M6GRVNDbWLHdMKkpv0x1Y9cOGGbz2/cjorD7iNBdfhCklcO81l0
1790324236.058 4 S: 	IYxUMdYB9LnHbU/dzMG95lqyc70wVW2HsjrCANAn53ukalpr5tLalNUy2HDzEE/la6v5lsmw
1790324236.058 4 S: 	tp7jdi26MBUFdMoaf6bxlNj8MXCbkCU/706q3gwKNxXniBgvEcIcWrf804IUv/k8v6Yi8uFH
1790324236.058 4 S: 	CjQK9Nj9kz3QtOaewWh4sRdbjRbXQMRG3UFpyCq0KQc7XN2IbDUpB3k9r8JYvpSb5yWrimZu
1790324236.058 4 S: 	+DCa6gS5DM03EFnkuQQPaNlTbRPjn+EcxjNPRVtbWz2/ZrDOsEONAVpGFbdwIKP8qiVuQbUi
1790324236.058 4 S: 	izCkEpd17JCIx6DuliqTogJ2CEJPGMMzjCy7lYaVa5cpOvStNLH+Pe1sqxdeyhDnb6+p0Ucj
1790324236.058 4 S: 	T0eX55qx+AgT/LhJ9hIXGSpzRbOTH22aPogVftR6HHNKgZgjtK/EUsO9fs0zH+uurLG+v7XI
1790324236.058 4 S: 	WlRIESpTXC81aBT/kZnWp9lGm2udIReu1R281q/r3wL0EAIPRKKn/GnzXfM4dvdZ5uTQO0yi
1790324236.058 4 S: 	MEN/4eWAPCmgM51Ay/HcE0q17/o8nk5sjkGYwc+7E7Mc4stFboKfHh9NpT6c+hWJvh/xbiv3
1790324236.058 4 S: 	LEec1j4Koq9Z3sCDQVCYON9rro8rlCoUWf7uUVAUEgn6b7DMEULHjgHFgEkR1hrsrS5j1kD3
1790324236.058 4 S: 	g/ycG/wANNNCr/jUDD3mzAOFCYCgWY/xvrjOueQn0TLufyicH97cUFIlWq6v/3peu1N66WA4
1790324236.058 4 S: 	ODiT7Mf0UQbgJ0rdcWYTNFdgJNAqfMeRFSvXJgOns1gvj9Ah/se5ZrurFY/MEIrx/3nPnrjx
1790324236.058 4 S: 	XRqIzri/3HWfS4Yo0EMC/WpcwczYu5kGBIkH2F090f6Pw5QF9NXFX2jhGlrX9cmh8OH9Gl+M
1790324236.058 4 S: 	XgGcGMYcuNp82kZGbNAD7jMwLHu4dSDsOEH2fO1uYwvNVXSecORgFa/5SbMQKyKXNeVcW0kg
1790324236.058 4 S: 	ymvxmKUOfBoHEMt/PgZlU3k6QmRgDRczgU1T7z7QtooNR/a1WdqAcXnkQxapFrUGoJP95cPg
1790324236.058 4 S: 	kWOFABGZsCxba9fCRg3xHJDsBX6Tq9WR5EoAjhpVRNR5EUungjQsKaeflkT3mVrD3hbvmvQW
1790324236.058 4 S: 	coF8AR6O8zxRRuUcdzcFtW3g/h0eOooPCO0Y8WFXC9Zx9aczhGlK7kzrpIIv6Pel2WZtrvIP
1790324236.058 4 S: 	13z7pCrfMm5cwwJPNSmXOwrXzPSvuH8lbNzSRAbegjUi2BbFRuH3ksA5v36I3jPQW5gOIrkw
1790324236.058 4 S: 	vD9dsTG9WtbwtFMS/pAeTaG6Z+P7B0KOEwImXS3T2A9vdGvRp73LQduW6FvdXH/BJKp/POXu
1790324236.058 4 S: 	GSgrryNmUMSjNz1hteDmzhvUShFAcjxfmsfp2WbdNnWZSYrDt4j3gtqf9ZVHRWtFJdOhkZDh
1790324236.058 4 S: 	0vBmHAVmwnqu8l73PAfilBFYDIURGVZqs58+1COhd71DSmOK1s6odM8jmhlfuk+pmVxHMIwZ
1790324236.058 4 S: 	cXhBlwybreCZSuvvROfEX49CfHBxuWUjahF8q3Hbu5k2e2MHJcQtDR1fhfPHMHGIuW28sd0u
1790324236.058 4 S: 	htdipyM0qo5DlwvcnNuamx0O+Y2Dy7zUxUiv9UjTxBK2j+PzCk86iA2Nrm+T4q39XVRROV1H
1790324236.058 4 S: 	xp8He5sO1qJqxuKdynxa5jzc5YRlpwxExvtDcnq2UI2+zfwW1GXwE5rkK6U+8JSnhkDI8gSQ
1790324236.058 4 S: 	oLG0RlbClG79VLosQEe5BfnEFUbxWlL8tErD9jFJPcWxW/2KKXAWe98gAhkdd6fh0WDuN52B
1790324236.058 4 S: 	PMZnCgs7zyae7H1v8kxmp5cPZj718pcrvf7TJhHbb0I97ZgZdlJD0X62E82JT9A9acqUiaOD
1790324236.058 4 S: 	XEbZ90AaONGsufoEOW5YgSkSaNKCGb8cbWji19eJVQmB8SboiRiZMTkyUtXPPy4qKjOTl7ZL
1790324236.058 4 S: 	1gzT2Zzctzqra9YY8gDhWe7L4AGCgcWxpRc29GRMyiPU3zCvJhrGHRlpAveHeJBhT1qkF+lr
1790324236.058 4 S: 	ybCIvV29GVb1ZNpCNswS+yjeBSkKLnlRqhyZr+CEdLsaTVyBwgtar8gTRKSw+bXe1KgUG5ZB
1790324236.058 4 S: 	Ax9TOCqcmilM7rp9zBGGRt6DuNB5g5ZNbhoVpHBNNK+s/8eHV6BTjc6NFtSJOFj1VyyVDZf1
1790324236.058 4 S: 	OcnXJ8/SWhsL0aVMxcU28CY16Pl1BKa4vcAQw0e1IF+9zK5Yt353tFk8djcT5iy5pKtCkp8g
1790324236.058 4 S: 	EOrq9SthG1J9D0SHupRG2pgIQGjCWd53+vGS326/omgRy21nMuf+HHh8hG1+9ZGk4rEbsvmV
1790324236.058 4 S: 	VgdBcrCSSI1q2FyJ8EYIW8vcJsvIjx+AXfRiezqEGYjeZxMIDhHkNSxPLnqdxy8ruiSXwnWL
1790324236.058 4 S: 	LLSYRkEt1D6SrMqtcX+OhKENYv/7ZH+smMJAZZWUIQZG3OadbkWBY3YXNCwBdzTXua0FQhMb
1790324236.058 4 S: 	kOdFJuTdPuSYBzhEZzebTYmzV4I3Y6tnPuTw6irUrRzULLsiU1aky2I5sUkxHZjqkkoUlFH7
1790324236.058 4 S: 	UiBJg9MQkpF9PScDeb+iuXdvZUZ109w2+pQhfw6vcMFSS/WovDBM7eAteTFzKZ6eeU0CItUZ
1790324236.058 4 S: 	cvjzcUO7mRFPfSL+TuUuALXFQJdaf7zHWmjL+x/q3RYpkvzhZK2ShB5C0yQ7sKv68y2kVTLq
1790324236.058 4 S: 	zeYPYh9NVmUNq75wMJXi0k9gVYD13zHr6peVFcLrlEwhJC9CtEdBNhRIakBFOYz6j1KojrAo
1790324236.058 4 S: 	mmGjqY/kTgL4xSBsxPvtXg5FpMq5Z7LqWAz/Mv154DJ581Ny2B0tedNXhopjf6BXantLhRU2
1790324236.058 4 S: 	Q5Kn8TxDWmp3pchxfIiu3DY9UNMsVnd5iY/SdofjAAAAAAAAAAAAAAAAAAAAAAAAAAAAAAAG
1790324236.058 4 S: 	DRIWHSA=
1790324236.058 4 S: From: ember <ember@spike.invalid>
1790324236.058 4 S: Newsgroups: fn.test
1790324236.058 4 S: Subject: Signed hello from the reader spike
1790324236.058 4 S: Message-ID: <fn-client.20260925T081131Z.beec9760@ember.invalid>
1790324236.058 4 S: Date: Fri, 25 Sep 2026 08:11:31 +0000
1790324236.058 4 S: 
1790324236.058 4 S: This article is signed on the author's machine.
1790324236.058 4 S: ..a dot-led line
1790324236.058 4 S: .
1790324256.368 4 C: QUIT
1790324256.368 4 S: 205 closing connection
=== run4
1790324258.394 5 --- connection
1790324258.395 5 S: 201 fn-nntp experimental reader ready
1790324258.395 5 C: CAPABILITIES
1790324258.396 5 S: 101 capability list follows
1790324258.396 5 S: VERSION 2
1790324258.396 5 S: READER
1790324258.396 5 S: OVER MSGID
1790324258.396 5 S: HDR
1790324258.396 5 S: NEWNEWS
1790324258.396 5 S: LIST ACTIVE ACTIVE.TIMES COUNTS HEADERS NEWSGROUPS OVERVIEW.FMT
1790324258.396 5 C: AUTHINFO USER ember
1790324258.396 5 S: IMPLEMENTATION fn-nntp-lab
1790324258.396 5 S: STARTTLS
1790324258.396 5 S: AUTHINFO USER
1790324258.396 5 S: .
1790324258.396 5 S: 381 password required
1790324258.396 5 C: AUTHINFO PASS [password]
1790324258.396 5 S: 281 authentication accepted
1790324260.398 5 C: CAPABILITIES
1790324260.399 5 S: 101 capability list follows
1790324260.399 5 S: VERSION 2
1790324260.399 5 S: READER
1790324260.399 5 S: POST
1790324260.399 5 S: OVER MSGID
1790324260.399 5 S: HDR
1790324260.399 5 S: NEWNEWS
1790324260.399 5 S: LIST ACTIVE ACTIVE.TIMES COUNTS HEADERS NEWSGROUPS OVERVIEW.FMT
1790324260.399 5 S: IMPLEMENTATION fn-nntp-lab
1790324260.399 5 S: STARTTLS
1790324260.399 5 S: .
1790324260.399 5 C: LIST OVERVIEW.FMT
1790324260.399 5 S: 215 order of fields in overview database
1790324260.399 5 S: Subject:
1790324260.399 5 S: From:
1790324260.399 5 S: Date:
1790324260.399 5 S: Message-ID:
1790324260.399 5 S: References:
1790324260.399 5 S: :bytes
1790324260.399 5 S: :lines
1790324260.400 5 S: .
1790324262.403 5 C: LIST COUNTS
1790324262.403 5 S: 215 list of newsgroups follows
1790324262.403 5 S: fn.agents 0 1 0 y
1790324262.403 5 S: fn.test 6 1 6 y
1790324262.403 5 S: .
1790324262.403 5 C: LIST NEWSGROUPS
1790324262.404 5 S: 215 list of newsgroups follows
1790324262.404 5 S: fn.agents	(no description)
1790324262.404 5 S: fn.test	(no description)
1790324262.404 5 S: .
1790324266.402 5 C: LISTGROUP fn.test
1790324266.402 5 S: 211 6 1 6 fn.test list follows
1790324266.402 5 C: OVER 1-6
1790324266.402 5 S: 1
1790324266.402 5 S: 2
1790324266.402 5 S: 3
1790324266.402 5 S: 4
1790324266.402 5 S: 5
1790324266.402 5 S: 6
1790324266.402 5 S: .
1790324266.410 5 S: 224 overview information follows
1790324266.410 5 S: 1	probe root	ember <ember@x.invalid>	Fri, 25 Sep 2026 07:58:47 +0000	<probe-root@x.invalid>		280	1
1790324266.410 5 S: 2	Re: probe root	guest <guest@x.invalid>	Fri, 25 Sep 2026 07:58:47 +0000	<probe-irt@x.invalid>		324	1
1790324266.410 5 S: 3	Signed hello from the reader spike	ember <ember@spike.invalid>	Fri, 25 Sep 2026 08:11:31 +0000	<fn-client.20260925T081131Z.beec9760@ember.invalid>		7873	2
1790324266.410 5 S: 4	Re: Signed hello from the reader spike	ember <ember@spike.invalid>	Fri, 25 Sep 2026 08:11:35 +0000	<fn-client.20260925T081135Z.d4a707ed@ember.invalid>	<fn-client.20260925T081131Z.beec9760@ember.invalid>	7924	1
1790324266.410 5 S: 5	Re: Signed hello from the reader spike	ember <ember@spike.invalid>	Fri, 25 Sep 2026 08:11:36 +0000	<fn-client.20260925T081136Z.67d077ae@ember.invalid>	<fn-client.20260925T081131Z.beec9760@ember.invalid> <fn-client.20260925T081135Z.d4a707ed@ember.invalid>	485	1
1790324266.410 5 S: 6	ember logs in, guest's key signs	ember <ember@spike.invalid>	Fri, 25 Sep 2026 08:12:03 +0000	<fn-client.20260925T081203Z.b92e3e21@ember.invalid>		7826	1
1790324266.410 5 S: .
1790324266.410 5 C: LIST HEADERS RANGE
1790324266.410 5 S: 215 field list follows
1790324266.410 5 S: :
1790324266.410 5 S: :bytes
1790324266.410 5 S: :lines
1790324266.410 5 S: .
1790324266.410 5 C: HDR XREF 1-6
1790324266.418 5 S: 225 headers follow
1790324266.418 5 S: 1 
1790324266.418 5 S: 2 
1790324266.418 5 S: 3 
1790324266.418 5 S: 4 
1790324266.418 5 S: 5 
1790324266.418 5 S: 6 
1790324266.418 5 S: .
1790324269.407 5 C: ARTICLE 3
1790324269.408 5 S: 220 3 <fn-client.20260925T081131Z.beec9760@ember.invalid> article follows
1790324269.408 5 S: Path: fn.example.invalid!not-for-mail
1790324269.408 5 S: Injection-Info: fn.example.invalid
1790324269.408 5 S: FN-Authorship: AQFYIJJhdnqGOWqSTDLfR2wcbameFteoqkRsNa1w6qMosPQDAVggAfTnHiM+hOv9YeGPnm3G
1790324269.408 5 S: 	kvkmOhZG9KxDzAsTd9WNT40CWQegzjCQceqtpMqzT4dSGhYcpykuQIVeL2vzHbUMrl1Y8sfz
1790324269.408 5 S: 	s6Ancz7crJSYJF1c+4HgrNCNyRA36nvwSOVlZSlgIFrbITN/Jp7tPp+lMGAWlPL5RQnElW/Z
1790324269.408 5 S: 	xBTYIKmhqkpHtr9gnw5txHR8orbIsQgtlwnVNxj3xKNUTBrKYfQSYL/4G4dtqdhjNJWW0PGb
1790324269.408 5 S: 	B2Rr8Jsg+Vhps8qNAdhCVj3RZfQnMXQvC+N9Gew4Ux8Yb2LzsglQwzrRZIdC3irdwLM6WrxP
1790324269.408 5 S: 	dFLq74aZkeI9Lp2N3eKnRv2/G7lFc/pl3iDlLHj7tyvA0BtYzniDcot8NkipRMa896ZR8Npi
1790324269.408 5 S: 	6m6qGCMrdM0bOhGMjkMAw4vd18CV9CILdS7pG/JCnYz3NbiaRQ3Ks0gLJ6ddW09FbfrI1J+d
1790324269.408 5 S: 	cvS6Gx1SEthAjdlSdQhbiIr+Oq2/zjbWuyilU7T/fRl6g2egSouHjF9ZBJ67j5Zm7RjidJ3y
1790324269.408 5 S: 	IBpY53qUjm/nK7fDDKDjlLMeL8W73gCDjdBmDqZUGbmZzjtgKGpFpJb159HXLN7kVSWPR8X5
1790324269.408 5 S: 	1iNtRnjop93cbi/Zww9+nNVQGOSvJmbShLagXP0dfrFpiICiP9zRU8gswgRkSkhMKXH4wdYR
1790324269.408 5 S: 	/jyowZZkZ6BP3bRVy+n+S5G+s425P6Mi71tC1qeqMNE6Km5GiIRODZLNIO4Vaj93kdX5VCqC
1790324269.408 5 S: 	xKD3yB0cThihQNRI4p5YSUCGD8ZEoxjL4CXr++tdlSAIYdlhZCHXtULzMT4ZXSsv7qpTSKGD
1790324269.408 5 S: 	ajZR8eOUYwdFTxswMtIjIiWB+OhiQQSHGyd+iQrm6UQ2jGwz+KI6LIe3Xrm9qHwsUlI22hSD
1790324269.408 5 S: 	MsfCIXdDKfGvGkjC2BbmgasQiFSe8C6tF4d+BzJ6dWAz9QqiIm+8sr9fvsfhVdOL2Mb2Ct8C
1790324269.408 5 S: 	0bcNl7iXgoqgJdjfJ9Ptx+O5cKyPb4JEpmX83eA6Xneo5Hv5jpBp87BJMrUSZaOUeBQaBFe7
1790324269.408 5 S: 	4AAYC7KZnPO4E7Aj8BtqHM6SKJ9toJrYlwwjCRlsLNFIpjqD1KO0O5XGBnSnV7no0B/db/qO
1790324269.408 5 S: 	r2aytzXl7DVDnydlJHK+zzFGvjrI811qd8IzmhPPr8VH5AvIfBoj0wb4jScxYIVaGi1xS4XP
1790324269.409 5 S: 	kWzeF5DBkAxfDFX7877ghrM7MqLsglMGLjP5wQJNwNpQ3ZkbPi6JeuyvhNxL8s3Bjf08D9xq
1790324269.409 5 S: 	nRauZckWfyAvKRcEjBgVzpz7wM+YCkG64tt/DMaXE50WcQo3oCTYPLw96hWxVmmb+q+bdsrR
1790324269.409 5 S: 	FOMdzUFiDqLthvjawFISIYzHvoWtB5UIe9fJymSHcQktLuyL/O9BMMUxLQjV7Lp3mIxEshUM
1790324269.409 5 S: 	FGDZpj96HDlmBdl2jcsglEdDxABL9ch0c/A6cKrTOKuzsYctm8OjHcYqvyWWXVnO5aIQNv3g
1790324269.409 5 S: 	n6qNzaNHbq+GkicrUanxAUmSthdqPtEkQiPVDYHpzD7tv+gQwdHtiS0y41aN55/TEh3P+zjN
1790324269.409 5 S: 	WPUn/DMWLpNkVkTgaHS5od5FoOMzYDdUMKDO2ASbkItHKFse5NfPPmIHZxnmHQo2ia3vP0d8
1790324269.409 5 S: 	7OAkVhM8nRkA00VieXDjVcjt5UCNmWrckHxUUxST0muEDJC4YwE4yrZz+ZA0LkAH9WS1p/4g
1790324269.409 5 S: 	MDaGA7mgNtUVQGZE98/g4C9CEOFCWj+4X8Nyjpy2MJTa+FyVfTQK0tB+xw7SmWRU0hj5fZU4
1790324269.409 5 S: 	NCD2dHehuFex8pVdz9RccWEuPfxJ6bAC+h0XBKJtxpXDY9MW9DhpcrpXaMg/hXTVt720s8t4
1790324269.409 5 S: 	8ITBjzE3FUAAnP5U4YoENujsA71WJ9gDrFDsePtQXo1LmCQmECFE6nCZrYaDR3ZnP4zVhryy
1790324269.409 5 S: 	jwHakOgFsKBAiDVnLxwE7UCDnh9Uo1iOj+SEfl0kjh7DA+v/yFolPR05KWKb017jCXnY6RUK
1790324269.409 5 S: 	4HoGbq0BIpIs+6+LHDurKHwLW6MOafqlgrVr002vr4v6gLQ5nvNJ6KhWzmUh7iXxNUysSdnj
1790324269.409 5 S: 	on0JYm/lpDFfNTUfPd9c/DZoWVchOUfSueJaLNsZYLWTYuPsdPgg5aBY8fQ4LsDKStgcT1Oh
1790324269.409 5 S: 	ATAr2XFxR/yi1Cj4c2LdlXTf6GrIFlYUYhBSNPQtgW9YVP5usGDiCkhROMaOaTIDuPD45OQP
1790324269.409 5 S: 	DmMKOqSax5v+vapkNDBHxGWwzcMMjtIVOps2GdtcNsjKM5nt6krtO5D1o3X4UfovgV/xixq7
1790324269.409 5 S: 	JRLT9WBVM2jFaLwsi1RRgvlQFQbkpu2JkAfPnDo8t67oeNpxC+eUz/hcBw2/3TaYfd0Z+avi
1790324269.409 5 S: 	oaLU7FzVELhcr6ZBolCxsGDcPfCZGIuAZzgxTfFfuVcZ+LMCueppabJnxT/Pi++vpqPkV4vA
1790324269.409 5 S: 	DIkhX1/Ihe0bTLIcf5DOGpNa4El3I6Uj2JpDZfhfgOzqG4anUoZ8Jp4Az0Dqbp/v8kDKeBxE
1790324269.409 5 S: 	yuM4Y3HLGx9YEZBhHsQmDpVskkz8hFx1mSBJpoFO9y2LNX+3/P+ceEdXVMV3xuJv8/JC8KFG
1790324269.409 5 S: 	VKvkXZaFizf/samwo2tqf9z1pimeCX7gRFD8d+V8LJWOC6aZCIgcfPeJYIISLr1YBljkz0er
1790324269.409 5 S: 	hNpPWtBDKCqxS0Q0dhVHu90ljivM0rFkyOKlUmRYQJAAlLzqRhRwAdQGW7/8hAaF1LxhTkbc
1790324269.409 5 S: 	2ZxKVETA9kiuGDBhLxgLXvOkvWi2ECmoQIbGjHJgGx2hdrH03jysTAdZDO1GiAGY9sYbEFoK
1790324269.409 5 S: 	PKU2y/nzTxD5WilCIVzINVnEXVkKR6b/vsFYt3xRJ8T75WJtz0mEUZqMEZeDcPYKSYWWkXhG
1790324269.409 5 S: 	7lW1K30iQgV4NeParq6SJnWMd1tqPh02w+OUllqCUXS+uxzE760WWytz3OcOvefrTSEtUmWy
1790324269.409 5 S: 	v6pBQTrQZsNcrDtjeVU6i8W+MjyrNNunL2eCFpYMAp9aVP5o/k/Ya48mD/Njj+pMYMyYtSKT
1790324269.409 5 S: 	v8FK2fst4h2nth/WoGr/CZ21z15BU6mn/wvMWw3vMlxhsIkglc/SqvdUqIbsBffZ2ihKMFk+
1790324269.409 5 S: 	JRoCIUP/Kgh5ciz2wGDeCtH5KiSbVdbYVwVdW0LQUcNqzZNP/AczwZ6Pl9edkKYNc2Ro6b3c
1790324269.409 5 S: 	To0kE0rxLqEine2VHM3Bg6D3VFOngUMZVxz3/q0Lh5XX4umQDNNOLnFYjnnK8Iy8D1FxD61C
1790324269.409 5 S: 	eLWlTgFga4Lu3w0HM3aNwb12o2WFUmQwIRJKnjcREyBy3c7ik7SkpD0/VMWa8BN3Dr1AE+Bo
1790324269.409 5 S: 	5iV5jkQ3cLUo/nv5OK89LAid/WTzmmxYTQaI6DpnZ19Xl0GAqrNYogLlkiwoakjkWEYhmnyD
1790324269.409 5 S: 	HBtuWrSd02OKwNtAhEbww3WosT5gB5w7RFBIUMK3GMIoX9JXRGmy6ZhfohNvagiZB/cT7lUa
1790324269.409 5 S: 	ZyO7PBpHVStuv5UMLi3IApAJF/PtW4xxyO1d5a3GRpArzBtwt7KJr8A8Z1M08u97OQKybRnc
1790324269.409 5 S: 	4zqlb59fF/3w4Z2awG/QPiWTdKCSZcT4ofDdjuGpAGNtgEgAZPsRUQl0kF/ScxSk8xfaRoBo
1790324269.409 5 S: 	KY/RSny6+95bdhLv14qmmUyzOLTBmFwdGE+3jRdpHsfhgu0qU0nAvRT2u8aadHnAWqcsm+Z9
1790324269.409 5 S: 	tazG9LlGG8yTH6yQaSc9uhitLhrx5BSkHsa9DzSE9jVeVoQ1mq9L8VdNUrNmdgSDLt2osoHY
1790324269.409 5 S: 	UTqnp0XbYIwnBk/ITyqGOT9ysG3JAbqesbyDSOFdIsuLx1UJn3a7bZSMUULhO6J6YCmHPAaN
1790324269.409 5 S: 	6iLaH3y3qeCfkQ1t+fd1jzVDIDNm+f2NIuE3wTNPSMPoSIkKxi+SgjNiqDfOOiwxuTfr3P7k
1790324269.409 5 S: 	188CGQo4BUsst1ioKKTrUBhAARt0Vi70zDFXpU0QQqmEqxDwZ8GWz2n3sVi93krC8MGKWMVI
1790324269.409 5 S: 	AfTBEiu4EGUvlBoxWk2XRgHU2HYhf5BHo0sN028LuU/e6kSb2p+Ne//WzHscLfPCftvfYr7l
1790324269.409 5 S: 	WxahILRYCSRIag6XXjtlrR0uJTtRC4Hfb8j+73w5j50sXei5s8aGb9sTi2WtQ+76bKxmkYIp
1790324269.409 5 S: 	eaH6xZKUNDEYsISj/sV31NDSbxNyxnoTM+u/RLIU92iux3kk4lAUuZ5uPtld4DY+WAvjs9hI
1790324269.409 5 S: 	fW3Vr7izUHRy1+S0J67UVUofy5uhgpqlWcc5BfNVLjY4vRIn99+CwJbjA12BiFz/JxWaGeCk
1790324269.409 5 S: 	N6oj4RANg9pIa7QkGm6/DFLt3KA6hKR6jBe5kb7y2ke49rAuQ2Lk5YXqdOWVKkwBtmpYfouU
1790324269.409 5 S: 	4DmLNP+fMOTSNNamCpYF2M6GRVNDbWLHdMKkpv0x1Y9cOGGbz2/cjorD7iNBdfhCklcO81l0
1790324269.409 5 S: 	IYxUMdYB9LnHbU/dzMG95lqyc70wVW2HsjrCANAn53ukalpr5tLalNUy2HDzEE/la6v5lsmw
1790324269.409 5 S: 	tp7jdi26MBUFdMoaf6bxlNj8MXCbkCU/706q3gwKNxXniBgvEcIcWrf804IUv/k8v6Yi8uFH
1790324269.409 5 S: 	CjQK9Nj9kz3QtOaewWh4sRdbjRbXQMRG3UFpyCq0KQc7XN2IbDUpB3k9r8JYvpSb5yWrimZu
1790324269.409 5 S: 	+DCa6gS5DM03EFnkuQQPaNlTbRPjn+EcxjNPRVtbWz2/ZrDOsEONAVpGFbdwIKP8qiVuQbUi
1790324269.409 5 S: 	izCkEpd17JCIx6DuliqTogJ2CEJPGMMzjCy7lYaVa5cpOvStNLH+Pe1sqxdeyhDnb6+p0Ucj
1790324269.409 5 S: 	T0eX55qx+AgT/LhJ9hIXGSpzRbOTH22aPogVftR6HHNKgZgjtK/EUsO9fs0zH+uurLG+v7XI
1790324269.409 5 S: 	WlRIESpTXC81aBT/kZnWp9lGm2udIReu1R281q/r3wL0EAIPRKKn/GnzXfM4dvdZ5uTQO0yi
1790324269.409 5 S: 	MEN/4eWAPCmgM51Ay/HcE0q17/o8nk5sjkGYwc+7E7Mc4stFboKfHh9NpT6c+hWJvh/xbiv3
1790324269.409 5 S: 	LEec1j4Koq9Z3sCDQVCYON9rro8rlCoUWf7uUVAUEgn6b7DMEULHjgHFgEkR1hrsrS5j1kD3
1790324269.409 5 S: 	g/ycG/wANNNCr/jUDD3mzAOFCYCgWY/xvrjOueQn0TLufyicH97cUFIlWq6v/3peu1N66WA4
1790324269.409 5 S: 	ODiT7Mf0UQbgJ0rdcWYTNFdgJNAqfMeRFSvXJgOns1gvj9Ah/se5ZrurFY/MEIrx/3nPnrjx
1790324269.409 5 S: 	XRqIzri/3HWfS4Yo0EMC/WpcwczYu5kGBIkH2F090f6Pw5QF9NXFX2jhGlrX9cmh8OH9Gl+M
1790324269.409 5 S: 	XgGcGMYcuNp82kZGbNAD7jMwLHu4dSDsOEH2fO1uYwvNVXSecORgFa/5SbMQKyKXNeVcW0kg
1790324269.409 5 S: 	ymvxmKUOfBoHEMt/PgZlU3k6QmRgDRczgU1T7z7QtooNR/a1WdqAcXnkQxapFrUGoJP95cPg
1790324269.409 5 S: 	kWOFABGZsCxba9fCRg3xHJDsBX6Tq9WR5EoAjhpVRNR5EUungjQsKaeflkT3mVrD3hbvmvQW
1790324269.409 5 S: 	coF8AR6O8zxRRuUcdzcFtW3g/h0eOooPCO0Y8WFXC9Zx9aczhGlK7kzrpIIv6Pel2WZtrvIP
1790324269.409 5 S: 	13z7pCrfMm5cwwJPNSmXOwrXzPSvuH8lbNzSRAbegjUi2BbFRuH3ksA5v36I3jPQW5gOIrkw
1790324269.409 5 S: 	vD9dsTG9WtbwtFMS/pAeTaG6Z+P7B0KOEwImXS3T2A9vdGvRp73LQduW6FvdXH/BJKp/POXu
1790324269.409 5 S: 	GSgrryNmUMSjNz1hteDmzhvUShFAcjxfmsfp2WbdNnWZSYrDt4j3gtqf9ZVHRWtFJdOhkZDh
1790324269.409 5 S: 	0vBmHAVmwnqu8l73PAfilBFYDIURGVZqs58+1COhd71DSmOK1s6odM8jmhlfuk+pmVxHMIwZ
1790324269.409 5 S: 	cXhBlwybreCZSuvvROfEX49CfHBxuWUjahF8q3Hbu5k2e2MHJcQtDR1fhfPHMHGIuW28sd0u
1790324269.409 5 S: 	htdipyM0qo5DlwvcnNuamx0O+Y2Dy7zUxUiv9UjTxBK2j+PzCk86iA2Nrm+T4q39XVRROV1H
1790324269.409 5 S: 	xp8He5sO1qJqxuKdynxa5jzc5YRlpwxExvtDcnq2UI2+zfwW1GXwE5rkK6U+8JSnhkDI8gSQ
1790324269.409 5 S: 	oLG0RlbClG79VLosQEe5BfnEFUbxWlL8tErD9jFJPcWxW/2KKXAWe98gAhkdd6fh0WDuN52B
1790324269.409 5 S: 	PMZnCgs7zyae7H1v8kxmp5cPZj718pcrvf7TJhHbb0I97ZgZdlJD0X62E82JT9A9acqUiaOD
1790324269.409 5 S: 	XEbZ90AaONGsufoEOW5YgSkSaNKCGb8cbWji19eJVQmB8SboiRiZMTkyUtXPPy4qKjOTl7ZL
1790324269.409 5 S: 	1gzT2Zzctzqra9YY8gDhWe7L4AGCgcWxpRc29GRMyiPU3zCvJhrGHRlpAveHeJBhT1qkF+lr
1790324269.409 5 S: 	ybCIvV29GVb1ZNpCNswS+yjeBSkKLnlRqhyZr+CEdLsaTVyBwgtar8gTRKSw+bXe1KgUG5ZB
1790324269.409 5 S: 	Ax9TOCqcmilM7rp9zBGGRt6DuNB5g5ZNbhoVpHBNNK+s/8eHV6BTjc6NFtSJOFj1VyyVDZf1
1790324269.409 5 S: 	OcnXJ8/SWhsL0aVMxcU28CY16Pl1BKa4vcAQw0e1IF+9zK5Yt353tFk8djcT5iy5pKtCkp8g
1790324269.410 5 S: 	EOrq9SthG1J9D0SHupRG2pgIQGjCWd53+vGS326/omgRy21nMuf+HHh8hG1+9ZGk4rEbsvmV
1790324269.410 5 S: 	VgdBcrCSSI1q2FyJ8EYIW8vcJsvIjx+AXfRiezqEGYjeZxMIDhHkNSxPLnqdxy8ruiSXwnWL
1790324269.410 5 S: 	LLSYRkEt1D6SrMqtcX+OhKENYv/7ZH+smMJAZZWUIQZG3OadbkWBY3YXNCwBdzTXua0FQhMb
1790324269.410 5 S: 	kOdFJuTdPuSYBzhEZzebTYmzV4I3Y6tnPuTw6irUrRzULLsiU1aky2I5sUkxHZjqkkoUlFH7
1790324269.410 5 S: 	UiBJg9MQkpF9PScDeb+iuXdvZUZ109w2+pQhfw6vcMFSS/WovDBM7eAteTFzKZ6eeU0CItUZ
1790324269.410 5 S: 	cvjzcUO7mRFPfSL+TuUuALXFQJdaf7zHWmjL+x/q3RYpkvzhZK2ShB5C0yQ7sKv68y2kVTLq
1790324269.410 5 S: 	zeYPYh9NVmUNq75wMJXi0k9gVYD13zHr6peVFcLrlEwhJC9CtEdBNhRIakBFOYz6j1KojrAo
1790324269.410 5 S: 	mmGjqY/kTgL4xSBsxPvtXg5FpMq5Z7LqWAz/Mv154DJ581Ny2B0tedNXhopjf6BXantLhRU2
1790324269.410 5 S: 	Q5Kn8TxDWmp3pchxfIiu3DY9UNMsVnd5iY/SdofjAAAAAAAAAAAAAAAAAAAAAAAAAAAAAAAG
1790324269.410 5 S: 	DRIWHSA=
1790324269.410 5 S: From: ember <ember@spike.invalid>
1790324269.410 5 S: Newsgroups: fn.test
1790324269.410 5 S: Subject: Signed hello from the reader spike
1790324269.410 5 S: Message-ID: <fn-client.20260925T081131Z.beec9760@ember.invalid>
1790324269.410 5 S: Date: Fri, 25 Sep 2026 08:11:31 +0000
1790324269.410 5 S: 
1790324269.410 5 S: This article is signed on the author's machine.
1790324269.410 5 S: ..a dot-led line
1790324269.410 5 S: .
1790324290.142 5 C: QUIT
1790324290.143 5 S: 205 closing connection
=== run5
1790324292.165 6 --- connection
1790324292.165 6 S: 201 fn-nntp experimental reader ready
1790324292.165 6 C: CAPABILITIES
1790324292.166 6 S: 101 capability list follows
1790324292.166 6 S: VERSION 2
1790324292.166 6 S: READER
1790324292.166 6 S: OVER MSGID
1790324292.166 6 S: HDR
1790324292.166 6 S: NEWNEWS
1790324292.166 6 S: LIST ACTIVE ACTIVE.TIMES COUNTS HEADERS NEWSGROUPS OVERVIEW.FMT
1790324292.166 6 S: IMPLEMENTATION fn-nntp-lab
1790324292.166 6 S: STARTTLS
1790324292.166 6 S: AUTHINFO USER
1790324292.166 6 S: .
1790324292.166 6 C: AUTHINFO USER ember
1790324292.166 6 S: 381 password required
1790324292.166 6 C: AUTHINFO PASS [password]
1790324292.166 6 S: 281 authentication accepted
1790324294.168 6 C: CAPABILITIES
1790324294.169 6 S: 101 capability list follows
1790324294.169 6 S: VERSION 2
1790324294.169 6 S: READER
1790324294.169 6 S: POST
1790324294.169 6 S: OVER MSGID
1790324294.169 6 S: HDR
1790324294.169 6 S: NEWNEWS
1790324294.169 6 S: LIST ACTIVE ACTIVE.TIMES COUNTS HEADERS NEWSGROUPS OVERVIEW.FMT
1790324294.169 6 S: IMPLEMENTATION fn-nntp-lab
1790324294.169 6 S: STARTTLS
1790324294.169 6 S: .
1790324294.169 6 C: LIST OVERVIEW.FMT
1790324294.169 6 S: 215 order of fields in overview database
1790324294.169 6 S: Subject:
1790324294.169 6 S: From:
1790324294.169 6 S: Date:
1790324294.169 6 S: Message-ID:
1790324294.169 6 S: References:
1790324294.169 6 S: :bytes
1790324294.169 6 S: :lines
1790324294.169 6 S: .
1790324296.173 6 C: LIST COUNTS
1790324296.173 6 S: 215 list of newsgroups follows
1790324296.173 6 S: fn.agents 0 1 0 y
1790324296.173 6 S: fn.test 6 1 6 y
1790324296.173 6 S: .
1790324296.173 6 C: LIST NEWSGROUPS
1790324296.173 6 S: 215 list of newsgroups follows
1790324296.174 6 S: fn.agents	(no description)
1790324296.174 6 S: fn.test	(no description)
1790324296.174 6 S: .
1790324300.170 6 C: LISTGROUP fn.test
1790324300.171 6 S: 211 6 1 6 fn.test list follows
1790324300.171 6 S: 1
1790324300.171 6 S: 2
1790324300.171 6 S: 3
1790324300.171 6 S: 4
1790324300.171 6 S: 5
1790324300.171 6 S: 6
1790324300.171 6 S: .
1790324300.171 6 C: OVER 1-6
1790324300.177 6 S: 224 overview information follows
1790324300.177 6 S: 1	probe root	ember <ember@x.invalid>	Fri, 25 Sep 2026 07:58:47 +0000	<probe-root@x.invalid>		280	1
1790324300.177 6 S: 2	Re: probe root	guest <guest@x.invalid>	Fri, 25 Sep 2026 07:58:47 +0000	<probe-irt@x.invalid>		324	1
1790324300.178 6 S: 3	Signed hello from the reader spike	ember <ember@spike.invalid>	Fri, 25 Sep 2026 08:11:31 +0000	<fn-client.20260925T081131Z.beec9760@ember.invalid>		7873	2
1790324300.178 6 S: 4	Re: Signed hello from the reader spike	ember <ember@spike.invalid>	Fri, 25 Sep 2026 08:11:35 +0000	<fn-client.20260925T081135Z.d4a707ed@ember.invalid>	<fn-client.20260925T081131Z.beec9760@ember.invalid>	7924	1
1790324300.178 6 S: 5	Re: Signed hello from the reader spike	ember <ember@spike.invalid>	Fri, 25 Sep 2026 08:11:36 +0000	<fn-client.20260925T081136Z.67d077ae@ember.invalid>	<fn-client.20260925T081131Z.beec9760@ember.invalid> <fn-client.20260925T081135Z.d4a707ed@ember.invalid>	485	1
1790324300.178 6 S: 6	ember logs in, guest's key signs	ember <ember@spike.invalid>	Fri, 25 Sep 2026 08:12:03 +0000	<fn-client.20260925T081203Z.b92e3e21@ember.invalid>		7826	1
1790324300.178 6 S: .
1790324300.178 6 C: LIST HEADERS RANGE
1790324300.178 6 S: 215 field list follows
1790324300.178 6 S: :
1790324300.178 6 S: :bytes
1790324300.178 6 S: :lines
1790324300.178 6 S: .
1790324300.178 6 C: HDR XREF 1-6
1790324300.183 6 S: 225 headers follow
1790324300.183 6 S: 1 
1790324300.183 6 S: 2 
1790324300.183 6 S: 3 
1790324300.183 6 S: 4 
1790324300.183 6 S: 5 
1790324300.183 6 S: 6 
1790324300.183 6 S: .
1790324303.175 6 C: ARTICLE 3
1790324303.176 6 S: 220 3 <fn-client.20260925T081131Z.beec9760@ember.invalid> article follows
1790324303.177 6 S: Path: fn.example.invalid!not-for-mail
1790324303.177 6 S: Injection-Info: fn.example.invalid
1790324303.177 6 S: FN-Authorship: AQFYIJJhdnqGOWqSTDLfR2wcbameFteoqkRsNa1w6qMosPQDAVggAfTnHiM+hOv9YeGPnm3G
1790324303.177 6 S: 	kvkmOhZG9KxDzAsTd9WNT40CWQegzjCQceqtpMqzT4dSGhYcpykuQIVeL2vzHbUMrl1Y8sfz
1790324303.177 6 S: 	s6Ancz7crJSYJF1c+4HgrNCNyRA36nvwSOVlZSlgIFrbITN/Jp7tPp+lMGAWlPL5RQnElW/Z
1790324303.177 6 S: 	xBTYIKmhqkpHtr9gnw5txHR8orbIsQgtlwnVNxj3xKNUTBrKYfQSYL/4G4dtqdhjNJWW0PGb
1790324303.177 6 S: 	B2Rr8Jsg+Vhps8qNAdhCVj3RZfQnMXQvC+N9Gew4Ux8Yb2LzsglQwzrRZIdC3irdwLM6WrxP
1790324303.177 6 S: 	dFLq74aZkeI9Lp2N3eKnRv2/G7lFc/pl3iDlLHj7tyvA0BtYzniDcot8NkipRMa896ZR8Npi
1790324303.177 6 S: 	6m6qGCMrdM0bOhGMjkMAw4vd18CV9CILdS7pG/JCnYz3NbiaRQ3Ks0gLJ6ddW09FbfrI1J+d
1790324303.177 6 S: 	cvS6Gx1SEthAjdlSdQhbiIr+Oq2/zjbWuyilU7T/fRl6g2egSouHjF9ZBJ67j5Zm7RjidJ3y
1790324303.177 6 S: 	IBpY53qUjm/nK7fDDKDjlLMeL8W73gCDjdBmDqZUGbmZzjtgKGpFpJb159HXLN7kVSWPR8X5
1790324303.177 6 S: 	1iNtRnjop93cbi/Zww9+nNVQGOSvJmbShLagXP0dfrFpiICiP9zRU8gswgRkSkhMKXH4wdYR
1790324303.177 6 S: 	/jyowZZkZ6BP3bRVy+n+S5G+s425P6Mi71tC1qeqMNE6Km5GiIRODZLNIO4Vaj93kdX5VCqC
1790324303.177 6 S: 	xKD3yB0cThihQNRI4p5YSUCGD8ZEoxjL4CXr++tdlSAIYdlhZCHXtULzMT4ZXSsv7qpTSKGD
1790324303.177 6 S: 	ajZR8eOUYwdFTxswMtIjIiWB+OhiQQSHGyd+iQrm6UQ2jGwz+KI6LIe3Xrm9qHwsUlI22hSD
1790324303.177 6 S: 	MsfCIXdDKfGvGkjC2BbmgasQiFSe8C6tF4d+BzJ6dWAz9QqiIm+8sr9fvsfhVdOL2Mb2Ct8C
1790324303.177 6 S: 	0bcNl7iXgoqgJdjfJ9Ptx+O5cKyPb4JEpmX83eA6Xneo5Hv5jpBp87BJMrUSZaOUeBQaBFe7
1790324303.177 6 S: 	4AAYC7KZnPO4E7Aj8BtqHM6SKJ9toJrYlwwjCRlsLNFIpjqD1KO0O5XGBnSnV7no0B/db/qO
1790324303.177 6 S: 	r2aytzXl7DVDnydlJHK+zzFGvjrI811qd8IzmhPPr8VH5AvIfBoj0wb4jScxYIVaGi1xS4XP
1790324303.177 6 S: 	kWzeF5DBkAxfDFX7877ghrM7MqLsglMGLjP5wQJNwNpQ3ZkbPi6JeuyvhNxL8s3Bjf08D9xq
1790324303.177 6 S: 	nRauZckWfyAvKRcEjBgVzpz7wM+YCkG64tt/DMaXE50WcQo3oCTYPLw96hWxVmmb+q+bdsrR
1790324303.177 6 S: 	FOMdzUFiDqLthvjawFISIYzHvoWtB5UIe9fJymSHcQktLuyL/O9BMMUxLQjV7Lp3mIxEshUM
1790324303.177 6 S: 	FGDZpj96HDlmBdl2jcsglEdDxABL9ch0c/A6cKrTOKuzsYctm8OjHcYqvyWWXVnO5aIQNv3g
1790324303.177 6 S: 	n6qNzaNHbq+GkicrUanxAUmSthdqPtEkQiPVDYHpzD7tv+gQwdHtiS0y41aN55/TEh3P+zjN
1790324303.177 6 S: 	WPUn/DMWLpNkVkTgaHS5od5FoOMzYDdUMKDO2ASbkItHKFse5NfPPmIHZxnmHQo2ia3vP0d8
1790324303.177 6 S: 	7OAkVhM8nRkA00VieXDjVcjt5UCNmWrckHxUUxST0muEDJC4YwE4yrZz+ZA0LkAH9WS1p/4g
1790324303.177 6 S: 	MDaGA7mgNtUVQGZE98/g4C9CEOFCWj+4X8Nyjpy2MJTa+FyVfTQK0tB+xw7SmWRU0hj5fZU4
1790324303.177 6 S: 	NCD2dHehuFex8pVdz9RccWEuPfxJ6bAC+h0XBKJtxpXDY9MW9DhpcrpXaMg/hXTVt720s8t4
1790324303.177 6 S: 	8ITBjzE3FUAAnP5U4YoENujsA71WJ9gDrFDsePtQXo1LmCQmECFE6nCZrYaDR3ZnP4zVhryy
1790324303.177 6 S: 	jwHakOgFsKBAiDVnLxwE7UCDnh9Uo1iOj+SEfl0kjh7DA+v/yFolPR05KWKb017jCXnY6RUK
1790324303.177 6 S: 	4HoGbq0BIpIs+6+LHDurKHwLW6MOafqlgrVr002vr4v6gLQ5nvNJ6KhWzmUh7iXxNUysSdnj
1790324303.177 6 S: 	on0JYm/lpDFfNTUfPd9c/DZoWVchOUfSueJaLNsZYLWTYuPsdPgg5aBY8fQ4LsDKStgcT1Oh
1790324303.177 6 S: 	ATAr2XFxR/yi1Cj4c2LdlXTf6GrIFlYUYhBSNPQtgW9YVP5usGDiCkhROMaOaTIDuPD45OQP
1790324303.177 6 S: 	DmMKOqSax5v+vapkNDBHxGWwzcMMjtIVOps2GdtcNsjKM5nt6krtO5D1o3X4UfovgV/xixq7
1790324303.177 6 S: 	JRLT9WBVM2jFaLwsi1RRgvlQFQbkpu2JkAfPnDo8t67oeNpxC+eUz/hcBw2/3TaYfd0Z+avi
1790324303.177 6 S: 	oaLU7FzVELhcr6ZBolCxsGDcPfCZGIuAZzgxTfFfuVcZ+LMCueppabJnxT/Pi++vpqPkV4vA
1790324303.177 6 S: 	DIkhX1/Ihe0bTLIcf5DOGpNa4El3I6Uj2JpDZfhfgOzqG4anUoZ8Jp4Az0Dqbp/v8kDKeBxE
1790324303.177 6 S: 	yuM4Y3HLGx9YEZBhHsQmDpVskkz8hFx1mSBJpoFO9y2LNX+3/P+ceEdXVMV3xuJv8/JC8KFG
1790324303.177 6 S: 	VKvkXZaFizf/samwo2tqf9z1pimeCX7gRFD8d+V8LJWOC6aZCIgcfPeJYIISLr1YBljkz0er
1790324303.177 6 S: 	hNpPWtBDKCqxS0Q0dhVHu90ljivM0rFkyOKlUmRYQJAAlLzqRhRwAdQGW7/8hAaF1LxhTkbc
1790324303.177 6 S: 	2ZxKVETA9kiuGDBhLxgLXvOkvWi2ECmoQIbGjHJgGx2hdrH03jysTAdZDO1GiAGY9sYbEFoK
1790324303.177 6 S: 	PKU2y/nzTxD5WilCIVzINVnEXVkKR6b/vsFYt3xRJ8T75WJtz0mEUZqMEZeDcPYKSYWWkXhG
1790324303.177 6 S: 	7lW1K30iQgV4NeParq6SJnWMd1tqPh02w+OUllqCUXS+uxzE760WWytz3OcOvefrTSEtUmWy
1790324303.177 6 S: 	v6pBQTrQZsNcrDtjeVU6i8W+MjyrNNunL2eCFpYMAp9aVP5o/k/Ya48mD/Njj+pMYMyYtSKT
1790324303.177 6 S: 	v8FK2fst4h2nth/WoGr/CZ21z15BU6mn/wvMWw3vMlxhsIkglc/SqvdUqIbsBffZ2ihKMFk+
1790324303.177 6 S: 	JRoCIUP/Kgh5ciz2wGDeCtH5KiSbVdbYVwVdW0LQUcNqzZNP/AczwZ6Pl9edkKYNc2Ro6b3c
1790324303.177 6 S: 	To0kE0rxLqEine2VHM3Bg6D3VFOngUMZVxz3/q0Lh5XX4umQDNNOLnFYjnnK8Iy8D1FxD61C
1790324303.177 6 S: 	eLWlTgFga4Lu3w0HM3aNwb12o2WFUmQwIRJKnjcREyBy3c7ik7SkpD0/VMWa8BN3Dr1AE+Bo
1790324303.177 6 S: 	5iV5jkQ3cLUo/nv5OK89LAid/WTzmmxYTQaI6DpnZ19Xl0GAqrNYogLlkiwoakjkWEYhmnyD
1790324303.177 6 S: 	HBtuWrSd02OKwNtAhEbww3WosT5gB5w7RFBIUMK3GMIoX9JXRGmy6ZhfohNvagiZB/cT7lUa
1790324303.177 6 S: 	ZyO7PBpHVStuv5UMLi3IApAJF/PtW4xxyO1d5a3GRpArzBtwt7KJr8A8Z1M08u97OQKybRnc
1790324303.177 6 S: 	4zqlb59fF/3w4Z2awG/QPiWTdKCSZcT4ofDdjuGpAGNtgEgAZPsRUQl0kF/ScxSk8xfaRoBo
1790324303.177 6 S: 	KY/RSny6+95bdhLv14qmmUyzOLTBmFwdGE+3jRdpHsfhgu0qU0nAvRT2u8aadHnAWqcsm+Z9
1790324303.177 6 S: 	tazG9LlGG8yTH6yQaSc9uhitLhrx5BSkHsa9DzSE9jVeVoQ1mq9L8VdNUrNmdgSDLt2osoHY
1790324303.177 6 S: 	UTqnp0XbYIwnBk/ITyqGOT9ysG3JAbqesbyDSOFdIsuLx1UJn3a7bZSMUULhO6J6YCmHPAaN
1790324303.177 6 S: 	6iLaH3y3qeCfkQ1t+fd1jzVDIDNm+f2NIuE3wTNPSMPoSIkKxi+SgjNiqDfOOiwxuTfr3P7k
1790324303.177 6 S: 	188CGQo4BUsst1ioKKTrUBhAARt0Vi70zDFXpU0QQqmEqxDwZ8GWz2n3sVi93krC8MGKWMVI
1790324303.177 6 S: 	AfTBEiu4EGUvlBoxWk2XRgHU2HYhf5BHo0sN028LuU/e6kSb2p+Ne//WzHscLfPCftvfYr7l
1790324303.177 6 S: 	WxahILRYCSRIag6XXjtlrR0uJTtRC4Hfb8j+73w5j50sXei5s8aGb9sTi2WtQ+76bKxmkYIp
1790324303.177 6 S: 	eaH6xZKUNDEYsISj/sV31NDSbxNyxnoTM+u/RLIU92iux3kk4lAUuZ5uPtld4DY+WAvjs9hI
1790324303.177 6 S: 	fW3Vr7izUHRy1+S0J67UVUofy5uhgpqlWcc5BfNVLjY4vRIn99+CwJbjA12BiFz/JxWaGeCk
1790324303.177 6 S: 	N6oj4RANg9pIa7QkGm6/DFLt3KA6hKR6jBe5kb7y2ke49rAuQ2Lk5YXqdOWVKkwBtmpYfouU
1790324303.177 6 S: 	4DmLNP+fMOTSNNamCpYF2M6GRVNDbWLHdMKkpv0x1Y9cOGGbz2/cjorD7iNBdfhCklcO81l0
1790324303.177 6 S: 	IYxUMdYB9LnHbU/dzMG95lqyc70wVW2HsjrCANAn53ukalpr5tLalNUy2HDzEE/la6v5lsmw
1790324303.177 6 S: 	tp7jdi26MBUFdMoaf6bxlNj8MXCbkCU/706q3gwKNxXniBgvEcIcWrf804IUv/k8v6Yi8uFH
1790324303.177 6 S: 	CjQK9Nj9kz3QtOaewWh4sRdbjRbXQMRG3UFpyCq0KQc7XN2IbDUpB3k9r8JYvpSb5yWrimZu
1790324303.177 6 S: 	+DCa6gS5DM03EFnkuQQPaNlTbRPjn+EcxjNPRVtbWz2/ZrDOsEONAVpGFbdwIKP8qiVuQbUi
1790324303.177 6 S: 	izCkEpd17JCIx6DuliqTogJ2CEJPGMMzjCy7lYaVa5cpOvStNLH+Pe1sqxdeyhDnb6+p0Ucj
1790324303.177 6 S: 	T0eX55qx+AgT/LhJ9hIXGSpzRbOTH22aPogVftR6HHNKgZgjtK/EUsO9fs0zH+uurLG+v7XI
1790324303.177 6 S: 	WlRIESpTXC81aBT/kZnWp9lGm2udIReu1R281q/r3wL0EAIPRKKn/GnzXfM4dvdZ5uTQO0yi
1790324303.177 6 S: 	MEN/4eWAPCmgM51Ay/HcE0q17/o8nk5sjkGYwc+7E7Mc4stFboKfHh9NpT6c+hWJvh/xbiv3
1790324303.177 6 S: 	LEec1j4Koq9Z3sCDQVCYON9rro8rlCoUWf7uUVAUEgn6b7DMEULHjgHFgEkR1hrsrS5j1kD3
1790324303.178 6 S: 	g/ycG/wANNNCr/jUDD3mzAOFCYCgWY/xvrjOueQn0TLufyicH97cUFIlWq6v/3peu1N66WA4
1790324303.178 6 S: 	ODiT7Mf0UQbgJ0rdcWYTNFdgJNAqfMeRFSvXJgOns1gvj9Ah/se5ZrurFY/MEIrx/3nPnrjx
1790324303.178 6 S: 	XRqIzri/3HWfS4Yo0EMC/WpcwczYu5kGBIkH2F090f6Pw5QF9NXFX2jhGlrX9cmh8OH9Gl+M
1790324303.178 6 S: 	XgGcGMYcuNp82kZGbNAD7jMwLHu4dSDsOEH2fO1uYwvNVXSecORgFa/5SbMQKyKXNeVcW0kg
1790324303.178 6 S: 	ymvxmKUOfBoHEMt/PgZlU3k6QmRgDRczgU1T7z7QtooNR/a1WdqAcXnkQxapFrUGoJP95cPg
1790324303.178 6 S: 	kWOFABGZsCxba9fCRg3xHJDsBX6Tq9WR5EoAjhpVRNR5EUungjQsKaeflkT3mVrD3hbvmvQW
1790324303.178 6 S: 	coF8AR6O8zxRRuUcdzcFtW3g/h0eOooPCO0Y8WFXC9Zx9aczhGlK7kzrpIIv6Pel2WZtrvIP
1790324303.178 6 S: 	13z7pCrfMm5cwwJPNSmXOwrXzPSvuH8lbNzSRAbegjUi2BbFRuH3ksA5v36I3jPQW5gOIrkw
1790324303.178 6 S: 	vD9dsTG9WtbwtFMS/pAeTaG6Z+P7B0KOEwImXS3T2A9vdGvRp73LQduW6FvdXH/BJKp/POXu
1790324303.178 6 S: 	GSgrryNmUMSjNz1hteDmzhvUShFAcjxfmsfp2WbdNnWZSYrDt4j3gtqf9ZVHRWtFJdOhkZDh
1790324303.178 6 S: 	0vBmHAVmwnqu8l73PAfilBFYDIURGVZqs58+1COhd71DSmOK1s6odM8jmhlfuk+pmVxHMIwZ
1790324303.178 6 S: 	cXhBlwybreCZSuvvROfEX49CfHBxuWUjahF8q3Hbu5k2e2MHJcQtDR1fhfPHMHGIuW28sd0u
1790324303.178 6 S: 	htdipyM0qo5DlwvcnNuamx0O+Y2Dy7zUxUiv9UjTxBK2j+PzCk86iA2Nrm+T4q39XVRROV1H
1790324303.178 6 S: 	xp8He5sO1qJqxuKdynxa5jzc5YRlpwxExvtDcnq2UI2+zfwW1GXwE5rkK6U+8JSnhkDI8gSQ
1790324303.178 6 S: 	oLG0RlbClG79VLosQEe5BfnEFUbxWlL8tErD9jFJPcWxW/2KKXAWe98gAhkdd6fh0WDuN52B
1790324303.178 6 S: 	PMZnCgs7zyae7H1v8kxmp5cPZj718pcrvf7TJhHbb0I97ZgZdlJD0X62E82JT9A9acqUiaOD
1790324303.178 6 S: 	XEbZ90AaONGsufoEOW5YgSkSaNKCGb8cbWji19eJVQmB8SboiRiZMTkyUtXPPy4qKjOTl7ZL
1790324303.178 6 S: 	1gzT2Zzctzqra9YY8gDhWe7L4AGCgcWxpRc29GRMyiPU3zCvJhrGHRlpAveHeJBhT1qkF+lr
1790324303.178 6 S: 	ybCIvV29GVb1ZNpCNswS+yjeBSkKLnlRqhyZr+CEdLsaTVyBwgtar8gTRKSw+bXe1KgUG5ZB
1790324303.178 6 S: 	Ax9TOCqcmilM7rp9zBGGRt6DuNB5g5ZNbhoVpHBNNK+s/8eHV6BTjc6NFtSJOFj1VyyVDZf1
1790324303.178 6 S: 	OcnXJ8/SWhsL0aVMxcU28CY16Pl1BKa4vcAQw0e1IF+9zK5Yt353tFk8djcT5iy5pKtCkp8g
1790324303.178 6 S: 	EOrq9SthG1J9D0SHupRG2pgIQGjCWd53+vGS326/omgRy21nMuf+HHh8hG1+9ZGk4rEbsvmV
1790324303.178 6 S: 	VgdBcrCSSI1q2FyJ8EYIW8vcJsvIjx+AXfRiezqEGYjeZxMIDhHkNSxPLnqdxy8ruiSXwnWL
1790324303.178 6 S: 	LLSYRkEt1D6SrMqtcX+OhKENYv/7ZH+smMJAZZWUIQZG3OadbkWBY3YXNCwBdzTXua0FQhMb
1790324303.178 6 S: 	kOdFJuTdPuSYBzhEZzebTYmzV4I3Y6tnPuTw6irUrRzULLsiU1aky2I5sUkxHZjqkkoUlFH7
1790324303.178 6 S: 	UiBJg9MQkpF9PScDeb+iuXdvZUZ109w2+pQhfw6vcMFSS/WovDBM7eAteTFzKZ6eeU0CItUZ
1790324303.178 6 S: 	cvjzcUO7mRFPfSL+TuUuALXFQJdaf7zHWmjL+x/q3RYpkvzhZK2ShB5C0yQ7sKv68y2kVTLq
1790324303.178 6 S: 	zeYPYh9NVmUNq75wMJXi0k9gVYD13zHr6peVFcLrlEwhJC9CtEdBNhRIakBFOYz6j1KojrAo
1790324303.178 6 S: 	mmGjqY/kTgL4xSBsxPvtXg5FpMq5Z7LqWAz/Mv154DJ581Ny2B0tedNXhopjf6BXantLhRU2
1790324303.178 6 S: 	Q5Kn8TxDWmp3pchxfIiu3DY9UNMsVnd5iY/SdofjAAAAAAAAAAAAAAAAAAAAAAAAAAAAAAAG
1790324303.178 6 S: 	DRIWHSA=
1790324303.178 6 S: From: ember <ember@spike.invalid>
1790324303.178 6 S: Newsgroups: fn.test
1790324303.178 6 S: Subject: Signed hello from the reader spike
1790324303.178 6 S: Message-ID: <fn-client.20260925T081131Z.beec9760@ember.invalid>
1790324303.178 6 S: Date: Fri, 25 Sep 2026 08:11:31 +0000
1790324303.178 6 S: 
1790324303.178 6 S: This article is signed on the author's machine.
1790324303.178 6 S: ..a dot-led line
1790324303.178 6 S: .
1790324386.807 6 C: QUIT
1790324386.808 6 S: 205 closing connection
=== run6
1790324388.829 7 --- connection
1790324388.830 7 S: 201 fn-nntp experimental reader ready
1790324388.830 7 C: CAPABILITIES
1790324388.830 7 S: 101 capability list follows
1790324388.830 7 S: VERSION 2
1790324388.830 7 S: READER
1790324388.830 7 S: OVER MSGID
1790324388.830 7 S: HDR
1790324388.830 7 S: NEWNEWS
1790324388.831 7 S: LIST ACTIVE ACTIVE.TIMES COUNTS HEADERS NEWSGROUPS OVERVIEW.FMT
1790324388.831 7 S: IMPLEMENTATION fn-nntp-lab
1790324388.831 7 S: STARTTLS
1790324388.831 7 S: AUTHINFO USER
1790324388.831 7 S: .
1790324388.831 7 C: AUTHINFO USER ember
1790324388.831 7 S: 381 password required
1790324388.831 7 C: AUTHINFO PASS [password]
1790324388.831 7 S: 281 authentication accepted
1790324390.833 7 C: CAPABILITIES
1790324390.833 7 S: 101 capability list follows
1790324390.834 7 S: VERSION 2
1790324390.834 7 S: READER
1790324390.834 7 S: POST
1790324390.834 7 S: OVER MSGID
1790324390.834 7 S: HDR
1790324390.834 7 S: NEWNEWS
1790324390.834 7 S: LIST ACTIVE ACTIVE.TIMES COUNTS HEADERS NEWSGROUPS OVERVIEW.FMT
1790324390.834 7 S: IMPLEMENTATION fn-nntp-lab
1790324390.834 7 S: STARTTLS
1790324390.834 7 S: .
1790324390.834 7 C: LIST OVERVIEW.FMT
1790324390.834 7 S: 215 order of fields in overview database
1790324390.834 7 S: Subject:
1790324390.834 7 S: From:
1790324390.834 7 S: Date:
1790324390.834 7 S: Message-ID:
1790324390.834 7 S: References:
1790324390.834 7 S: :bytes
1790324390.834 7 S: :lines
1790324390.834 7 S: .
1790324392.838 7 C: LIST COUNTS
1790324392.838 7 S: 215 list of newsgroups follows
1790324392.838 7 S: fn.agents 0 1 0 y
1790324392.838 7 S: fn.test 6 1 6 y
1790324392.838 7 S: .
1790324392.839 7 C: LIST NEWSGROUPS
1790324392.839 7 S: 215 list of newsgroups follows
1790324392.839 7 S: fn.agents	(no description)
1790324392.839 7 S: fn.test	(no description)
1790324392.839 7 S: .
1790324396.834 7 C: LISTGROUP fn.test
1790324396.834 7 S: 211 6 1 6 fn.test list follows
1790324396.834 7 S: 1
1790324396.834 7 S: 2
1790324396.834 7 S: 3
1790324396.835 7 S: 4
1790324396.835 7 S: 5
1790324396.835 7 S: 6
1790324396.835 7 S: .
1790324396.835 7 C: OVER 1-6
1790324396.843 7 S: 224 overview information follows
1790324396.843 7 S: 1	probe root	ember <ember@x.invalid>	Fri, 25 Sep 2026 07:58:47 +0000	<probe-root@x.invalid>		280	1
1790324396.843 7 S: 2	Re: probe root	guest <guest@x.invalid>	Fri, 25 Sep 2026 07:58:47 +0000	<probe-irt@x.invalid>		324	1
1790324396.843 7 S: 3	Signed hello from the reader spike	ember <ember@spike.invalid>	Fri, 25 Sep 2026 08:11:31 +0000	<fn-client.20260925T081131Z.beec9760@ember.invalid>		7873	2
1790324396.843 7 S: 4	Re: Signed hello from the reader spike	ember <ember@spike.invalid>	Fri, 25 Sep 2026 08:11:35 +0000	<fn-client.20260925T081135Z.d4a707ed@ember.invalid>	<fn-client.20260925T081131Z.beec9760@ember.invalid>	7924	1
1790324396.843 7 S: 5	Re: Signed hello from the reader spike	ember <ember@spike.invalid>	Fri, 25 Sep 2026 08:11:36 +0000	<fn-client.20260925T081136Z.67d077ae@ember.invalid>	<fn-client.20260925T081131Z.beec9760@ember.invalid> <fn-client.20260925T081135Z.d4a707ed@ember.invalid>	485	1
1790324396.843 7 S: 6	ember logs in, guest's key signs	ember <ember@spike.invalid>	Fri, 25 Sep 2026 08:12:03 +0000	<fn-client.20260925T081203Z.b92e3e21@ember.invalid>		7826	1
1790324396.843 7 S: .
1790324396.843 7 C: LIST HEADERS RANGE
1790324396.843 7 S: 215 field list follows
1790324396.843 7 S: :
1790324396.843 7 S: :bytes
1790324396.843 7 S: :lines
1790324396.843 7 S: .
1790324396.843 7 C: HDR XREF 1-6
1790324396.849 7 S: 225 headers follow
1790324396.849 7 S: 1 
1790324396.849 7 S: 2 
1790324396.849 7 S: 3 
1790324396.849 7 S: 4 
1790324396.849 7 S: 5 
1790324396.849 7 S: 6 
1790324396.849 7 S: .
1790324399.839 7 C: ARTICLE 3
1790324399.840 7 S: 220 3 <fn-client.20260925T081131Z.beec9760@ember.invalid> article follows
1790324399.840 7 S: Path: fn.example.invalid!not-for-mail
1790324399.840 7 S: Injection-Info: fn.example.invalid
1790324399.840 7 S: FN-Authorship: AQFYIJJhdnqGOWqSTDLfR2wcbameFteoqkRsNa1w6qMosPQDAVggAfTnHiM+hOv9YeGPnm3G
1790324399.840 7 S: 	kvkmOhZG9KxDzAsTd9WNT40CWQegzjCQceqtpMqzT4dSGhYcpykuQIVeL2vzHbUMrl1Y8sfz
1790324399.840 7 S: 	s6Ancz7crJSYJF1c+4HgrNCNyRA36nvwSOVlZSlgIFrbITN/Jp7tPp+lMGAWlPL5RQnElW/Z
1790324399.840 7 S: 	xBTYIKmhqkpHtr9gnw5txHR8orbIsQgtlwnVNxj3xKNUTBrKYfQSYL/4G4dtqdhjNJWW0PGb
1790324399.840 7 S: 	B2Rr8Jsg+Vhps8qNAdhCVj3RZfQnMXQvC+N9Gew4Ux8Yb2LzsglQwzrRZIdC3irdwLM6WrxP
1790324399.840 7 S: 	dFLq74aZkeI9Lp2N3eKnRv2/G7lFc/pl3iDlLHj7tyvA0BtYzniDcot8NkipRMa896ZR8Npi
1790324399.840 7 S: 	6m6qGCMrdM0bOhGMjkMAw4vd18CV9CILdS7pG/JCnYz3NbiaRQ3Ks0gLJ6ddW09FbfrI1J+d
1790324399.840 7 S: 	cvS6Gx1SEthAjdlSdQhbiIr+Oq2/zjbWuyilU7T/fRl6g2egSouHjF9ZBJ67j5Zm7RjidJ3y
1790324399.840 7 S: 	IBpY53qUjm/nK7fDDKDjlLMeL8W73gCDjdBmDqZUGbmZzjtgKGpFpJb159HXLN7kVSWPR8X5
1790324399.841 7 S: 	1iNtRnjop93cbi/Zww9+nNVQGOSvJmbShLagXP0dfrFpiICiP9zRU8gswgRkSkhMKXH4wdYR
1790324399.841 7 S: 	/jyowZZkZ6BP3bRVy+n+S5G+s425P6Mi71tC1qeqMNE6Km5GiIRODZLNIO4Vaj93kdX5VCqC
1790324399.841 7 S: 	xKD3yB0cThihQNRI4p5YSUCGD8ZEoxjL4CXr++tdlSAIYdlhZCHXtULzMT4ZXSsv7qpTSKGD
1790324399.841 7 S: 	ajZR8eOUYwdFTxswMtIjIiWB+OhiQQSHGyd+iQrm6UQ2jGwz+KI6LIe3Xrm9qHwsUlI22hSD
1790324399.841 7 S: 	MsfCIXdDKfGvGkjC2BbmgasQiFSe8C6tF4d+BzJ6dWAz9QqiIm+8sr9fvsfhVdOL2Mb2Ct8C
1790324399.841 7 S: 	0bcNl7iXgoqgJdjfJ9Ptx+O5cKyPb4JEpmX83eA6Xneo5Hv5jpBp87BJMrUSZaOUeBQaBFe7
1790324399.841 7 S: 	4AAYC7KZnPO4E7Aj8BtqHM6SKJ9toJrYlwwjCRlsLNFIpjqD1KO0O5XGBnSnV7no0B/db/qO
1790324399.841 7 S: 	r2aytzXl7DVDnydlJHK+zzFGvjrI811qd8IzmhPPr8VH5AvIfBoj0wb4jScxYIVaGi1xS4XP
1790324399.841 7 S: 	kWzeF5DBkAxfDFX7877ghrM7MqLsglMGLjP5wQJNwNpQ3ZkbPi6JeuyvhNxL8s3Bjf08D9xq
1790324399.841 7 S: 	nRauZckWfyAvKRcEjBgVzpz7wM+YCkG64tt/DMaXE50WcQo3oCTYPLw96hWxVmmb+q+bdsrR
1790324399.841 7 S: 	FOMdzUFiDqLthvjawFISIYzHvoWtB5UIe9fJymSHcQktLuyL/O9BMMUxLQjV7Lp3mIxEshUM
1790324399.841 7 S: 	FGDZpj96HDlmBdl2jcsglEdDxABL9ch0c/A6cKrTOKuzsYctm8OjHcYqvyWWXVnO5aIQNv3g
1790324399.841 7 S: 	n6qNzaNHbq+GkicrUanxAUmSthdqPtEkQiPVDYHpzD7tv+gQwdHtiS0y41aN55/TEh3P+zjN
1790324399.841 7 S: 	WPUn/DMWLpNkVkTgaHS5od5FoOMzYDdUMKDO2ASbkItHKFse5NfPPmIHZxnmHQo2ia3vP0d8
1790324399.841 7 S: 	7OAkVhM8nRkA00VieXDjVcjt5UCNmWrckHxUUxST0muEDJC4YwE4yrZz+ZA0LkAH9WS1p/4g
1790324399.841 7 S: 	MDaGA7mgNtUVQGZE98/g4C9CEOFCWj+4X8Nyjpy2MJTa+FyVfTQK0tB+xw7SmWRU0hj5fZU4
1790324399.841 7 S: 	NCD2dHehuFex8pVdz9RccWEuPfxJ6bAC+h0XBKJtxpXDY9MW9DhpcrpXaMg/hXTVt720s8t4
1790324399.841 7 S: 	8ITBjzE3FUAAnP5U4YoENujsA71WJ9gDrFDsePtQXo1LmCQmECFE6nCZrYaDR3ZnP4zVhryy
1790324399.841 7 S: 	jwHakOgFsKBAiDVnLxwE7UCDnh9Uo1iOj+SEfl0kjh7DA+v/yFolPR05KWKb017jCXnY6RUK
1790324399.841 7 S: 	4HoGbq0BIpIs+6+LHDurKHwLW6MOafqlgrVr002vr4v6gLQ5nvNJ6KhWzmUh7iXxNUysSdnj
1790324399.841 7 S: 	on0JYm/lpDFfNTUfPd9c/DZoWVchOUfSueJaLNsZYLWTYuPsdPgg5aBY8fQ4LsDKStgcT1Oh
1790324399.841 7 S: 	ATAr2XFxR/yi1Cj4c2LdlXTf6GrIFlYUYhBSNPQtgW9YVP5usGDiCkhROMaOaTIDuPD45OQP
1790324399.841 7 S: 	DmMKOqSax5v+vapkNDBHxGWwzcMMjtIVOps2GdtcNsjKM5nt6krtO5D1o3X4UfovgV/xixq7
1790324399.841 7 S: 	JRLT9WBVM2jFaLwsi1RRgvlQFQbkpu2JkAfPnDo8t67oeNpxC+eUz/hcBw2/3TaYfd0Z+avi
1790324399.841 7 S: 	oaLU7FzVELhcr6ZBolCxsGDcPfCZGIuAZzgxTfFfuVcZ+LMCueppabJnxT/Pi++vpqPkV4vA
1790324399.841 7 S: 	DIkhX1/Ihe0bTLIcf5DOGpNa4El3I6Uj2JpDZfhfgOzqG4anUoZ8Jp4Az0Dqbp/v8kDKeBxE
1790324399.841 7 S: 	yuM4Y3HLGx9YEZBhHsQmDpVskkz8hFx1mSBJpoFO9y2LNX+3/P+ceEdXVMV3xuJv8/JC8KFG
1790324399.841 7 S: 	VKvkXZaFizf/samwo2tqf9z1pimeCX7gRFD8d+V8LJWOC6aZCIgcfPeJYIISLr1YBljkz0er
1790324399.841 7 S: 	hNpPWtBDKCqxS0Q0dhVHu90ljivM0rFkyOKlUmRYQJAAlLzqRhRwAdQGW7/8hAaF1LxhTkbc
1790324399.841 7 S: 	2ZxKVETA9kiuGDBhLxgLXvOkvWi2ECmoQIbGjHJgGx2hdrH03jysTAdZDO1GiAGY9sYbEFoK
1790324399.841 7 S: 	PKU2y/nzTxD5WilCIVzINVnEXVkKR6b/vsFYt3xRJ8T75WJtz0mEUZqMEZeDcPYKSYWWkXhG
1790324399.841 7 S: 	7lW1K30iQgV4NeParq6SJnWMd1tqPh02w+OUllqCUXS+uxzE760WWytz3OcOvefrTSEtUmWy
1790324399.841 7 S: 	v6pBQTrQZsNcrDtjeVU6i8W+MjyrNNunL2eCFpYMAp9aVP5o/k/Ya48mD/Njj+pMYMyYtSKT
1790324399.841 7 S: 	v8FK2fst4h2nth/WoGr/CZ21z15BU6mn/wvMWw3vMlxhsIkglc/SqvdUqIbsBffZ2ihKMFk+
1790324399.841 7 S: 	JRoCIUP/Kgh5ciz2wGDeCtH5KiSbVdbYVwVdW0LQUcNqzZNP/AczwZ6Pl9edkKYNc2Ro6b3c
1790324399.841 7 S: 	To0kE0rxLqEine2VHM3Bg6D3VFOngUMZVxz3/q0Lh5XX4umQDNNOLnFYjnnK8Iy8D1FxD61C
1790324399.841 7 S: 	eLWlTgFga4Lu3w0HM3aNwb12o2WFUmQwIRJKnjcREyBy3c7ik7SkpD0/VMWa8BN3Dr1AE+Bo
1790324399.841 7 S: 	5iV5jkQ3cLUo/nv5OK89LAid/WTzmmxYTQaI6DpnZ19Xl0GAqrNYogLlkiwoakjkWEYhmnyD
1790324399.841 7 S: 	HBtuWrSd02OKwNtAhEbww3WosT5gB5w7RFBIUMK3GMIoX9JXRGmy6ZhfohNvagiZB/cT7lUa
1790324399.841 7 S: 	ZyO7PBpHVStuv5UMLi3IApAJF/PtW4xxyO1d5a3GRpArzBtwt7KJr8A8Z1M08u97OQKybRnc
1790324399.841 7 S: 	4zqlb59fF/3w4Z2awG/QPiWTdKCSZcT4ofDdjuGpAGNtgEgAZPsRUQl0kF/ScxSk8xfaRoBo
1790324399.841 7 S: 	KY/RSny6+95bdhLv14qmmUyzOLTBmFwdGE+3jRdpHsfhgu0qU0nAvRT2u8aadHnAWqcsm+Z9
1790324399.841 7 S: 	tazG9LlGG8yTH6yQaSc9uhitLhrx5BSkHsa9DzSE9jVeVoQ1mq9L8VdNUrNmdgSDLt2osoHY
1790324399.841 7 S: 	UTqnp0XbYIwnBk/ITyqGOT9ysG3JAbqesbyDSOFdIsuLx1UJn3a7bZSMUULhO6J6YCmHPAaN
1790324399.841 7 S: 	6iLaH3y3qeCfkQ1t+fd1jzVDIDNm+f2NIuE3wTNPSMPoSIkKxi+SgjNiqDfOOiwxuTfr3P7k
1790324399.841 7 S: 	188CGQo4BUsst1ioKKTrUBhAARt0Vi70zDFXpU0QQqmEqxDwZ8GWz2n3sVi93krC8MGKWMVI
1790324399.841 7 S: 	AfTBEiu4EGUvlBoxWk2XRgHU2HYhf5BHo0sN028LuU/e6kSb2p+Ne//WzHscLfPCftvfYr7l
1790324399.841 7 S: 	WxahILRYCSRIag6XXjtlrR0uJTtRC4Hfb8j+73w5j50sXei5s8aGb9sTi2WtQ+76bKxmkYIp
1790324399.841 7 S: 	eaH6xZKUNDEYsISj/sV31NDSbxNyxnoTM+u/RLIU92iux3kk4lAUuZ5uPtld4DY+WAvjs9hI
1790324399.841 7 S: 	fW3Vr7izUHRy1+S0J67UVUofy5uhgpqlWcc5BfNVLjY4vRIn99+CwJbjA12BiFz/JxWaGeCk
1790324399.841 7 S: 	N6oj4RANg9pIa7QkGm6/DFLt3KA6hKR6jBe5kb7y2ke49rAuQ2Lk5YXqdOWVKkwBtmpYfouU
1790324399.841 7 S: 	4DmLNP+fMOTSNNamCpYF2M6GRVNDbWLHdMKkpv0x1Y9cOGGbz2/cjorD7iNBdfhCklcO81l0
1790324399.841 7 S: 	IYxUMdYB9LnHbU/dzMG95lqyc70wVW2HsjrCANAn53ukalpr5tLalNUy2HDzEE/la6v5lsmw
1790324399.841 7 S: 	tp7jdi26MBUFdMoaf6bxlNj8MXCbkCU/706q3gwKNxXniBgvEcIcWrf804IUv/k8v6Yi8uFH
1790324399.841 7 S: 	CjQK9Nj9kz3QtOaewWh4sRdbjRbXQMRG3UFpyCq0KQc7XN2IbDUpB3k9r8JYvpSb5yWrimZu
1790324399.841 7 S: 	+DCa6gS5DM03EFnkuQQPaNlTbRPjn+EcxjNPRVtbWz2/ZrDOsEONAVpGFbdwIKP8qiVuQbUi
1790324399.841 7 S: 	izCkEpd17JCIx6DuliqTogJ2CEJPGMMzjCy7lYaVa5cpOvStNLH+Pe1sqxdeyhDnb6+p0Ucj
1790324399.841 7 S: 	T0eX55qx+AgT/LhJ9hIXGSpzRbOTH22aPogVftR6HHNKgZgjtK/EUsO9fs0zH+uurLG+v7XI
1790324399.841 7 S: 	WlRIESpTXC81aBT/kZnWp9lGm2udIReu1R281q/r3wL0EAIPRKKn/GnzXfM4dvdZ5uTQO0yi
1790324399.841 7 S: 	MEN/4eWAPCmgM51Ay/HcE0q17/o8nk5sjkGYwc+7E7Mc4stFboKfHh9NpT6c+hWJvh/xbiv3
1790324399.841 7 S: 	LEec1j4Koq9Z3sCDQVCYON9rro8rlCoUWf7uUVAUEgn6b7DMEULHjgHFgEkR1hrsrS5j1kD3
1790324399.841 7 S: 	g/ycG/wANNNCr/jUDD3mzAOFCYCgWY/xvrjOueQn0TLufyicH97cUFIlWq6v/3peu1N66WA4
1790324399.841 7 S: 	ODiT7Mf0UQbgJ0rdcWYTNFdgJNAqfMeRFSvXJgOns1gvj9Ah/se5ZrurFY/MEIrx/3nPnrjx
1790324399.841 7 S: 	XRqIzri/3HWfS4Yo0EMC/WpcwczYu5kGBIkH2F090f6Pw5QF9NXFX2jhGlrX9cmh8OH9Gl+M
1790324399.841 7 S: 	XgGcGMYcuNp82kZGbNAD7jMwLHu4dSDsOEH2fO1uYwvNVXSecORgFa/5SbMQKyKXNeVcW0kg
1790324399.841 7 S: 	ymvxmKUOfBoHEMt/PgZlU3k6QmRgDRczgU1T7z7QtooNR/a1WdqAcXnkQxapFrUGoJP95cPg
1790324399.841 7 S: 	kWOFABGZsCxba9fCRg3xHJDsBX6Tq9WR5EoAjhpVRNR5EUungjQsKaeflkT3mVrD3hbvmvQW
1790324399.841 7 S: 	coF8AR6O8zxRRuUcdzcFtW3g/h0eOooPCO0Y8WFXC9Zx9aczhGlK7kzrpIIv6Pel2WZtrvIP
1790324399.841 7 S: 	13z7pCrfMm5cwwJPNSmXOwrXzPSvuH8lbNzSRAbegjUi2BbFRuH3ksA5v36I3jPQW5gOIrkw
1790324399.841 7 S: 	vD9dsTG9WtbwtFMS/pAeTaG6Z+P7B0KOEwImXS3T2A9vdGvRp73LQduW6FvdXH/BJKp/POXu
1790324399.841 7 S: 	GSgrryNmUMSjNz1hteDmzhvUShFAcjxfmsfp2WbdNnWZSYrDt4j3gtqf9ZVHRWtFJdOhkZDh
1790324399.841 7 S: 	0vBmHAVmwnqu8l73PAfilBFYDIURGVZqs58+1COhd71DSmOK1s6odM8jmhlfuk+pmVxHMIwZ
1790324399.841 7 S: 	cXhBlwybreCZSuvvROfEX49CfHBxuWUjahF8q3Hbu5k2e2MHJcQtDR1fhfPHMHGIuW28sd0u
1790324399.841 7 S: 	htdipyM0qo5DlwvcnNuamx0O+Y2Dy7zUxUiv9UjTxBK2j+PzCk86iA2Nrm+T4q39XVRROV1H
1790324399.841 7 S: 	xp8He5sO1qJqxuKdynxa5jzc5YRlpwxExvtDcnq2UI2+zfwW1GXwE5rkK6U+8JSnhkDI8gSQ
1790324399.841 7 S: 	oLG0RlbClG79VLosQEe5BfnEFUbxWlL8tErD9jFJPcWxW/2KKXAWe98gAhkdd6fh0WDuN52B
1790324399.841 7 S: 	PMZnCgs7zyae7H1v8kxmp5cPZj718pcrvf7TJhHbb0I97ZgZdlJD0X62E82JT9A9acqUiaOD
1790324399.841 7 S: 	XEbZ90AaONGsufoEOW5YgSkSaNKCGb8cbWji19eJVQmB8SboiRiZMTkyUtXPPy4qKjOTl7ZL
1790324399.841 7 S: 	1gzT2Zzctzqra9YY8gDhWe7L4AGCgcWxpRc29GRMyiPU3zCvJhrGHRlpAveHeJBhT1qkF+lr
1790324399.841 7 S: 	ybCIvV29GVb1ZNpCNswS+yjeBSkKLnlRqhyZr+CEdLsaTVyBwgtar8gTRKSw+bXe1KgUG5ZB
1790324399.841 7 S: 	Ax9TOCqcmilM7rp9zBGGRt6DuNB5g5ZNbhoVpHBNNK+s/8eHV6BTjc6NFtSJOFj1VyyVDZf1
1790324399.841 7 S: 	OcnXJ8/SWhsL0aVMxcU28CY16Pl1BKa4vcAQw0e1IF+9zK5Yt353tFk8djcT5iy5pKtCkp8g
1790324399.842 7 S: 	EOrq9SthG1J9D0SHupRG2pgIQGjCWd53+vGS326/omgRy21nMuf+HHh8hG1+9ZGk4rEbsvmV
1790324399.842 7 S: 	VgdBcrCSSI1q2FyJ8EYIW8vcJsvIjx+AXfRiezqEGYjeZxMIDhHkNSxPLnqdxy8ruiSXwnWL
1790324399.842 7 S: 	LLSYRkEt1D6SrMqtcX+OhKENYv/7ZH+smMJAZZWUIQZG3OadbkWBY3YXNCwBdzTXua0FQhMb
1790324399.842 7 S: 	kOdFJuTdPuSYBzhEZzebTYmzV4I3Y6tnPuTw6irUrRzULLsiU1aky2I5sUkxHZjqkkoUlFH7
1790324399.842 7 S: 	UiBJg9MQkpF9PScDeb+iuXdvZUZ109w2+pQhfw6vcMFSS/WovDBM7eAteTFzKZ6eeU0CItUZ
1790324399.842 7 S: 	cvjzcUO7mRFPfSL+TuUuALXFQJdaf7zHWmjL+x/q3RYpkvzhZK2ShB5C0yQ7sKv68y2kVTLq
1790324399.842 7 S: 	zeYPYh9NVmUNq75wMJXi0k9gVYD13zHr6peVFcLrlEwhJC9CtEdBNhRIakBFOYz6j1KojrAo
1790324399.842 7 S: 	mmGjqY/kTgL4xSBsxPvtXg5FpMq5Z7LqWAz/Mv154DJ581Ny2B0tedNXhopjf6BXantLhRU2
1790324399.842 7 S: 	Q5Kn8TxDWmp3pchxfIiu3DY9UNMsVnd5iY/SdofjAAAAAAAAAAAAAAAAAAAAAAAAAAAAAAAG
1790324399.842 7 S: 	DRIWHSA=
1790324399.842 7 S: From: ember <ember@spike.invalid>
1790324399.842 7 S: Newsgroups: fn.test
1790324399.842 7 S: Subject: Signed hello from the reader spike
1790324399.842 7 S: Message-ID: <fn-client.20260925T081131Z.beec9760@ember.invalid>
1790324399.842 7 S: Date: Fri, 25 Sep 2026 08:11:31 +0000
1790324399.842 7 S: 
1790324399.842 7 S: This article is signed on the author's machine.
1790324399.842 7 S: ..a dot-led line
1790324399.842 7 S: .
1790324407.852 7 C: POST
1790324407.852 7 S: 340 send article to be posted
1790324407.853 7 C: Path: not-for-mail
1790324407.853 7 C: From: ember <ember@example.org>
1790324407.853 7 C: Subject: Re: Signed hello from the reader spike
1790324407.853 7 C: Newsgroups: fn.test
1790324407.853 7 C: References: <fn-client.20260925T081131Z.beec9760@ember.invalid>
1790324407.853 7 C: User-Agent: tin/2.6.2-20221225 ("Pittyvaich") (Linux/6.11.0-29-generic (x86_64))
1790324407.853 7 C: 
1790324407.853 7 C: ember <ember@spike.invalid> wrote:
1790324407.853 7 C: > This article is signed on the author's machine.
1790324407.853 7 C: > .a dot-led line
1790324407.853 7 C: a followup from tin
1790324407.853 7 C: .
1790324407.853 7 S: 441 posting failed; Path must not be supplied
1790324425.894 7 C: POST
1790324425.894 7 S: 340 send article to be posted
1790324425.894 7 C: Path: not-for-mail
1790324425.894 7 C: From: ember <ember@example.org>
1790324425.894 7 C: Subject: A new post from tin
1790324425.894 7 C: Newsgroups: fn.test
1790324425.894 7 C: User-Agent: tin/2.6.2-20221225 ("Pittyvaich") (Linux/6.11.0-29-generic (x86_64))
1790324425.894 7 C: 
1790324425.894 7 C: 
1790324425.894 7 C: a followup from tin
1790324425.894 7 C: .
1790324425.894 7 S: 441 posting failed; Path must not be supplied
1790324525.339 7 C: QUIT
1790324525.339 7 S: 205 closing connection
=== run7 forgery
1790324527.371 8 --- connection
1790324527.371 8 S: 201 fn-nntp experimental reader ready
1790324527.371 8 C: CAPABILITIES
1790324527.372 8 S: 101 capability list follows
1790324527.372 8 S: VERSION 2
1790324527.372 8 S: READER
1790324527.372 8 S: OVER MSGID
1790324527.372 8 S: HDR
1790324527.372 8 S: NEWNEWS
1790324527.372 8 S: LIST ACTIVE ACTIVE.TIMES COUNTS HEADERS NEWSGROUPS OVERVIEW.FMT
1790324527.372 8 S: IMPLEMENTATION fn-nntp-lab
1790324527.372 8 S: STARTTLS
1790324527.372 8 S: AUTHINFO USER
1790324527.372 8 S: .
1790324527.372 8 C: AUTHINFO USER ember
1790324527.372 8 S: 381 password required
1790324527.372 8 C: AUTHINFO PASS [password]
1790324527.372 8 S: 281 authentication accepted
1790324529.374 8 C: CAPABILITIES
1790324529.375 8 S: 101 capability list follows
1790324529.375 8 S: VERSION 2
1790324529.375 8 S: READER
1790324529.375 8 S: POST
1790324529.375 8 S: OVER MSGID
1790324529.375 8 S: HDR
1790324529.375 8 S: NEWNEWS
1790324529.375 8 S: LIST ACTIVE ACTIVE.TIMES COUNTS HEADERS NEWSGROUPS OVERVIEW.FMT
1790324529.375 8 S: IMPLEMENTATION fn-nntp-lab
1790324529.375 8 S: STARTTLS
1790324529.375 8 S: .
1790324529.375 8 C: LIST OVERVIEW.FMT
1790324529.375 8 S: 215 order of fields in overview database
1790324529.375 8 S: Subject:
1790324529.375 8 S: From:
1790324529.375 8 S: Date:
1790324529.375 8 S: Message-ID:
1790324529.375 8 S: References:
1790324529.375 8 S: :bytes
1790324529.375 8 S: :lines
1790324529.375 8 S: .
1790324531.378 8 C: LIST COUNTS
1790324531.379 8 S: 215 list of newsgroups follows
1790324531.379 8 S: fn.agents 0 1 0 y
1790324531.379 8 S: fn.test 6 1 6 y
1790324531.379 8 S: .
1790324531.379 8 C: LIST NEWSGROUPS
1790324531.379 8 S: 215 list of newsgroups follows
1790324531.379 8 S: fn.agents	(no description)
1790324531.379 8 S: fn.test	(no description)
1790324531.379 8 S: .
1790324535.369 8 C: LISTGROUP fn.test
1790324535.369 8 S: 211 6 1 6 fn.test list follows
1790324535.369 8 S: 1
1790324535.369 8 S: 2
1790324535.369 8 S: 3
1790324535.369 8 S: 4
1790324535.369 8 S: 5
1790324535.369 8 S: 6
1790324535.369 8 S: .
1790324535.369 8 C: OVER 1-6
1790324535.376 8 S: 224 overview information follows
1790324535.376 8 S: 1	probe root	ember <ember@x.invalid>	Fri, 25 Sep 2026 07:58:47 +0000	<probe-root@x.invalid>		280	1
1790324535.376 8 S: 2	Re: probe root	guest <guest@x.invalid>	Fri, 25 Sep 2026 07:58:47 +0000	<probe-irt@x.invalid>		324	1
1790324535.376 8 S: 3	Signed hello from the reader spike	ember <ember@spike.invalid>	Fri, 25 Sep 2026 08:11:31 +0000	<fn-client.20260925T081131Z.beec9760@ember.invalid>		7873	2
1790324535.376 8 S: 4	Re: Signed hello from the reader spike	ember <ember@spike.invalid>	Fri, 25 Sep 2026 08:11:35 +0000	<fn-client.20260925T081135Z.d4a707ed@ember.invalid>	<fn-client.20260925T081131Z.beec9760@ember.invalid>	7924	1
1790324535.376 8 S: 5	Re: Signed hello from the reader spike	ember <ember@spike.invalid>	Fri, 25 Sep 2026 08:11:36 +0000	<fn-client.20260925T081136Z.67d077ae@ember.invalid>	<fn-client.20260925T081131Z.beec9760@ember.invalid> <fn-client.20260925T081135Z.d4a707ed@ember.invalid>	485	1
1790324535.376 8 S: 6	ember logs in, guest's key signs	ember <ember@spike.invalid>	Fri, 25 Sep 2026 08:12:03 +0000	<fn-client.20260925T081203Z.b92e3e21@ember.invalid>		7826	1
1790324535.376 8 S: .
1790324535.376 8 C: LIST HEADERS RANGE
1790324535.377 8 S: 215 field list follows
1790324535.377 8 S: :
1790324535.377 8 S: :bytes
1790324535.377 8 S: :lines
1790324535.377 8 S: .
1790324535.377 8 C: HDR XREF 1-6
1790324535.384 8 S: 225 headers follow
1790324535.384 8 S: 1 
1790324535.384 8 S: 2 
1790324535.384 8 S: 3 
1790324535.384 8 S: 4 
1790324535.384 8 S: 5 
1790324535.384 8 S: 6 
1790324535.384 8 S: .
1790324538.373 8 C: ARTICLE 3
1790324538.375 8 S: 220 3 <fn-client.20260925T081131Z.beec9760@ember.invalid> article follows
1790324538.375 8 S: Path: fn.example.invalid!not-for-mail
1790324538.375 8 S: Injection-Info: fn.example.invalid
1790324538.375 8 S: FN-Authorship: AQFYIJJhdnqGOWqSTDLfR2wcbameFteoqkRsNa1w6qMosPQDAVggAfTnHiM+hOv9YeGPnm3G
1790324538.375 8 S: 	kvkmOhZG9KxDzAsTd9WNT40CWQegzjCQceqtpMqzT4dSGhYcpykuQIVeL2vzHbUMrl1Y8sfz
1790324538.375 8 S: 	s6Ancz7crJSYJF1c+4HgrNCNyRA36nvwSOVlZSlgIFrbITN/Jp7tPp+lMGAWlPL5RQnElW/Z
1790324538.375 8 S: 	xBTYIKmhqkpHtr9gnw5txHR8orbIsQgtlwnVNxj3xKNUTBrKYfQSYL/4G4dtqdhjNJWW0PGb
1790324538.375 8 S: 	B2Rr8Jsg+Vhps8qNAdhCVj3RZfQnMXQvC+N9Gew4Ux8Yb2LzsglQwzrRZIdC3irdwLM6WrxP
1790324538.375 8 S: 	dFLq74aZkeI9Lp2N3eKnRv2/G7lFc/pl3iDlLHj7tyvA0BtYzniDcot8NkipRMa896ZR8Npi
1790324538.375 8 S: 	6m6qGCMrdM0bOhGMjkMAw4vd18CV9CILdS7pG/JCnYz3NbiaRQ3Ks0gLJ6ddW09FbfrI1J+d
1790324538.375 8 S: 	cvS6Gx1SEthAjdlSdQhbiIr+Oq2/zjbWuyilU7T/fRl6g2egSouHjF9ZBJ67j5Zm7RjidJ3y
1790324538.375 8 S: 	IBpY53qUjm/nK7fDDKDjlLMeL8W73gCDjdBmDqZUGbmZzjtgKGpFpJb159HXLN7kVSWPR8X5
1790324538.375 8 S: 	1iNtRnjop93cbi/Zww9+nNVQGOSvJmbShLagXP0dfrFpiICiP9zRU8gswgRkSkhMKXH4wdYR
1790324538.375 8 S: 	/jyowZZkZ6BP3bRVy+n+S5G+s425P6Mi71tC1qeqMNE6Km5GiIRODZLNIO4Vaj93kdX5VCqC
1790324538.375 8 S: 	xKD3yB0cThihQNRI4p5YSUCGD8ZEoxjL4CXr++tdlSAIYdlhZCHXtULzMT4ZXSsv7qpTSKGD
1790324538.375 8 S: 	ajZR8eOUYwdFTxswMtIjIiWB+OhiQQSHGyd+iQrm6UQ2jGwz+KI6LIe3Xrm9qHwsUlI22hSD
1790324538.375 8 S: 	MsfCIXdDKfGvGkjC2BbmgasQiFSe8C6tF4d+BzJ6dWAz9QqiIm+8sr9fvsfhVdOL2Mb2Ct8C
1790324538.375 8 S: 	0bcNl7iXgoqgJdjfJ9Ptx+O5cKyPb4JEpmX83eA6Xneo5Hv5jpBp87BJMrUSZaOUeBQaBFe7
1790324538.375 8 S: 	4AAYC7KZnPO4E7Aj8BtqHM6SKJ9toJrYlwwjCRlsLNFIpjqD1KO0O5XGBnSnV7no0B/db/qO
1790324538.375 8 S: 	r2aytzXl7DVDnydlJHK+zzFGvjrI811qd8IzmhPPr8VH5AvIfBoj0wb4jScxYIVaGi1xS4XP
1790324538.375 8 S: 	kWzeF5DBkAxfDFX7877ghrM7MqLsglMGLjP5wQJNwNpQ3ZkbPi6JeuyvhNxL8s3Bjf08D9xq
1790324538.375 8 S: 	nRauZckWfyAvKRcEjBgVzpz7wM+YCkG64tt/DMaXE50WcQo3oCTYPLw96hWxVmmb+q+bdsrR
1790324538.375 8 S: 	FOMdzUFiDqLthvjawFISIYzHvoWtB5UIe9fJymSHcQktLuyL/O9BMMUxLQjV7Lp3mIxEshUM
1790324538.375 8 S: 	FGDZpj96HDlmBdl2jcsglEdDxABL9ch0c/A6cKrTOKuzsYctm8OjHcYqvyWWXVnO5aIQNv3g
1790324538.375 8 S: 	n6qNzaNHbq+GkicrUanxAUmSthdqPtEkQiPVDYHpzD7tv+gQwdHtiS0y41aN55/TEh3P+zjN
1790324538.375 8 S: 	WPUn/DMWLpNkVkTgaHS5od5FoOMzYDdUMKDO2ASbkItHKFse5NfPPmIHZxnmHQo2ia3vP0d8
1790324538.375 8 S: 	7OAkVhM8nRkA00VieXDjVcjt5UCNmWrckHxUUxST0muEDJC4YwE4yrZz+ZA0LkAH9WS1p/4g
1790324538.375 8 S: 	MDaGA7mgNtUVQGZE98/g4C9CEOFCWj+4X8Nyjpy2MJTa+FyVfTQK0tB+xw7SmWRU0hj5fZU4
1790324538.375 8 S: 	NCD2dHehuFex8pVdz9RccWEuPfxJ6bAC+h0XBKJtxpXDY9MW9DhpcrpXaMg/hXTVt720s8t4
1790324538.375 8 S: 	8ITBjzE3FUAAnP5U4YoENujsA71WJ9gDrFDsePtQXo1LmCQmECFE6nCZrYaDR3ZnP4zVhryy
1790324538.375 8 S: 	jwHakOgFsKBAiDVnLxwE7UCDnh9Uo1iOj+SEfl0kjh7DA+v/yFolPR05KWKb017jCXnY6RUK
1790324538.375 8 S: 	4HoGbq0BIpIs+6+LHDurKHwLW6MOafqlgrVr002vr4v6gLQ5nvNJ6KhWzmUh7iXxNUysSdnj
1790324538.375 8 S: 	on0JYm/lpDFfNTUfPd9c/DZoWVchOUfSueJaLNsZYLWTYuPsdPgg5aBY8fQ4LsDKStgcT1Oh
1790324538.375 8 S: 	ATAr2XFxR/yi1Cj4c2LdlXTf6GrIFlYUYhBSNPQtgW9YVP5usGDiCkhROMaOaTIDuPD45OQP
1790324538.375 8 S: 	DmMKOqSax5v+vapkNDBHxGWwzcMMjtIVOps2GdtcNsjKM5nt6krtO5D1o3X4UfovgV/xixq7
1790324538.375 8 S: 	JRLT9WBVM2jFaLwsi1RRgvlQFQbkpu2JkAfPnDo8t67oeNpxC+eUz/hcBw2/3TaYfd0Z+avi
1790324538.375 8 S: 	oaLU7FzVELhcr6ZBolCxsGDcPfCZGIuAZzgxTfFfuVcZ+LMCueppabJnxT/Pi++vpqPkV4vA
1790324538.375 8 S: 	DIkhX1/Ihe0bTLIcf5DOGpNa4El3I6Uj2JpDZfhfgOzqG4anUoZ8Jp4Az0Dqbp/v8kDKeBxE
1790324538.375 8 S: 	yuM4Y3HLGx9YEZBhHsQmDpVskkz8hFx1mSBJpoFO9y2LNX+3/P+ceEdXVMV3xuJv8/JC8KFG
1790324538.375 8 S: 	VKvkXZaFizf/samwo2tqf9z1pimeCX7gRFD8d+V8LJWOC6aZCIgcfPeJYIISLr1YBljkz0er
1790324538.375 8 S: 	hNpPWtBDKCqxS0Q0dhVHu90ljivM0rFkyOKlUmRYQJAAlLzqRhRwAdQGW7/8hAaF1LxhTkbc
1790324538.375 8 S: 	2ZxKVETA9kiuGDBhLxgLXvOkvWi2ECmoQIbGjHJgGx2hdrH03jysTAdZDO1GiAGY9sYbEFoK
1790324538.375 8 S: 	PKU2y/nzTxD5WilCIVzINVnEXVkKR6b/vsFYt3xRJ8T75WJtz0mEUZqMEZeDcPYKSYWWkXhG
1790324538.375 8 S: 	7lW1K30iQgV4NeParq6SJnWMd1tqPh02w+OUllqCUXS+uxzE760WWytz3OcOvefrTSEtUmWy
1790324538.375 8 S: 	v6pBQTrQZsNcrDtjeVU6i8W+MjyrNNunL2eCFpYMAp9aVP5o/k/Ya48mD/Njj+pMYMyYtSKT
1790324538.376 8 S: 	v8FK2fst4h2nth/WoGr/CZ21z15BU6mn/wvMWw3vMlxhsIkglc/SqvdUqIbsBffZ2ihKMFk+
1790324538.376 8 S: 	JRoCIUP/Kgh5ciz2wGDeCtH5KiSbVdbYVwVdW0LQUcNqzZNP/AczwZ6Pl9edkKYNc2Ro6b3c
1790324538.376 8 S: 	To0kE0rxLqEine2VHM3Bg6D3VFOngUMZVxz3/q0Lh5XX4umQDNNOLnFYjnnK8Iy8D1FxD61C
1790324538.376 8 S: 	eLWlTgFga4Lu3w0HM3aNwb12o2WFUmQwIRJKnjcREyBy3c7ik7SkpD0/VMWa8BN3Dr1AE+Bo
1790324538.376 8 S: 	5iV5jkQ3cLUo/nv5OK89LAid/WTzmmxYTQaI6DpnZ19Xl0GAqrNYogLlkiwoakjkWEYhmnyD
1790324538.376 8 S: 	HBtuWrSd02OKwNtAhEbww3WosT5gB5w7RFBIUMK3GMIoX9JXRGmy6ZhfohNvagiZB/cT7lUa
1790324538.376 8 S: 	ZyO7PBpHVStuv5UMLi3IApAJF/PtW4xxyO1d5a3GRpArzBtwt7KJr8A8Z1M08u97OQKybRnc
1790324538.376 8 S: 	4zqlb59fF/3w4Z2awG/QPiWTdKCSZcT4ofDdjuGpAGNtgEgAZPsRUQl0kF/ScxSk8xfaRoBo
1790324538.376 8 S: 	KY/RSny6+95bdhLv14qmmUyzOLTBmFwdGE+3jRdpHsfhgu0qU0nAvRT2u8aadHnAWqcsm+Z9
1790324538.376 8 S: 	tazG9LlGG8yTH6yQaSc9uhitLhrx5BSkHsa9DzSE9jVeVoQ1mq9L8VdNUrNmdgSDLt2osoHY
1790324538.376 8 S: 	UTqnp0XbYIwnBk/ITyqGOT9ysG3JAbqesbyDSOFdIsuLx1UJn3a7bZSMUULhO6J6YCmHPAaN
1790324538.376 8 S: 	6iLaH3y3qeCfkQ1t+fd1jzVDIDNm+f2NIuE3wTNPSMPoSIkKxi+SgjNiqDfOOiwxuTfr3P7k
1790324538.376 8 S: 	188CGQo4BUsst1ioKKTrUBhAARt0Vi70zDFXpU0QQqmEqxDwZ8GWz2n3sVi93krC8MGKWMVI
1790324538.376 8 S: 	AfTBEiu4EGUvlBoxWk2XRgHU2HYhf5BHo0sN028LuU/e6kSb2p+Ne//WzHscLfPCftvfYr7l
1790324538.376 8 S: 	WxahILRYCSRIag6XXjtlrR0uJTtRC4Hfb8j+73w5j50sXei5s8aGb9sTi2WtQ+76bKxmkYIp
1790324538.376 8 S: 	eaH6xZKUNDEYsISj/sV31NDSbxNyxnoTM+u/RLIU92iux3kk4lAUuZ5uPtld4DY+WAvjs9hI
1790324538.376 8 S: 	fW3Vr7izUHRy1+S0J67UVUofy5uhgpqlWcc5BfNVLjY4vRIn99+CwJbjA12BiFz/JxWaGeCk
1790324538.376 8 S: 	N6oj4RANg9pIa7QkGm6/DFLt3KA6hKR6jBe5kb7y2ke49rAuQ2Lk5YXqdOWVKkwBtmpYfouU
1790324538.376 8 S: 	4DmLNP+fMOTSNNamCpYF2M6GRVNDbWLHdMKkpv0x1Y9cOGGbz2/cjorD7iNBdfhCklcO81l0
1790324538.376 8 S: 	IYxUMdYB9LnHbU/dzMG95lqyc70wVW2HsjrCANAn53ukalpr5tLalNUy2HDzEE/la6v5lsmw
1790324538.376 8 S: 	tp7jdi26MBUFdMoaf6bxlNj8MXCbkCU/706q3gwKNxXniBgvEcIcWrf804IUv/k8v6Yi8uFH
1790324538.376 8 S: 	CjQK9Nj9kz3QtOaewWh4sRdbjRbXQMRG3UFpyCq0KQc7XN2IbDUpB3k9r8JYvpSb5yWrimZu
1790324538.376 8 S: 	+DCa6gS5DM03EFnkuQQPaNlTbRPjn+EcxjNPRVtbWz2/ZrDOsEONAVpGFbdwIKP8qiVuQbUi
1790324538.376 8 S: 	izCkEpd17JCIx6DuliqTogJ2CEJPGMMzjCy7lYaVa5cpOvStNLH+Pe1sqxdeyhDnb6+p0Ucj
1790324538.376 8 S: 	T0eX55qx+AgT/LhJ9hIXGSpzRbOTH22aPogVftR6HHNKgZgjtK/EUsO9fs0zH+uurLG+v7XI
1790324538.376 8 S: 	WlRIESpTXC81aBT/kZnWp9lGm2udIReu1R281q/r3wL0EAIPRKKn/GnzXfM4dvdZ5uTQO0yi
1790324538.376 8 S: 	MEN/4eWAPCmgM51Ay/HcE0q17/o8nk5sjkGYwc+7E7Mc4stFboKfHh9NpT6c+hWJvh/xbiv3
1790324538.376 8 S: 	LEec1j4Koq9Z3sCDQVCYON9rro8rlCoUWf7uUVAUEgn6b7DMEULHjgHFgEkR1hrsrS5j1kD3
1790324538.376 8 S: 	g/ycG/wANNNCr/jUDD3mzAOFCYCgWY/xvrjOueQn0TLufyicH97cUFIlWq6v/3peu1N66WA4
1790324538.376 8 S: 	ODiT7Mf0UQbgJ0rdcWYTNFdgJNAqfMeRFSvXJgOns1gvj9Ah/se5ZrurFY/MEIrx/3nPnrjx
1790324538.376 8 S: 	XRqIzri/3HWfS4Yo0EMC/WpcwczYu5kGBIkH2F090f6Pw5QF9NXFX2jhGlrX9cmh8OH9Gl+M
1790324538.376 8 S: 	XgGcGMYcuNp82kZGbNAD7jMwLHu4dSDsOEH2fO1uYwvNVXSecORgFa/5SbMQKyKXNeVcW0kg
1790324538.376 8 S: 	ymvxmKUOfBoHEMt/PgZlU3k6QmRgDRczgU1T7z7QtooNR/a1WdqAcXnkQxapFrUGoJP95cPg
1790324538.376 8 S: 	kWOFABGZsCxba9fCRg3xHJDsBX6Tq9WR5EoAjhpVRNR5EUungjQsKaeflkT3mVrD3hbvmvQW
1790324538.376 8 S: 	coF8AR6O8zxRRuUcdzcFtW3g/h0eOooPCO0Y8WFXC9Zx9aczhGlK7kzrpIIv6Pel2WZtrvIP
1790324538.376 8 S: 	13z7pCrfMm5cwwJPNSmXOwrXzPSvuH8lbNzSRAbegjUi2BbFRuH3ksA5v36I3jPQW5gOIrkw
1790324538.376 8 S: 	vD9dsTG9WtbwtFMS/pAeTaG6Z+P7B0KOEwImXS3T2A9vdGvRp73LQduW6FvdXH/BJKp/POXu
1790324538.376 8 S: 	GSgrryNmUMSjNz1hteDmzhvUShFAcjxfmsfp2WbdNnWZSYrDt4j3gtqf9ZVHRWtFJdOhkZDh
1790324538.376 8 S: 	0vBmHAVmwnqu8l73PAfilBFYDIURGVZqs58+1COhd71DSmOK1s6odM8jmhlfuk+pmVxHMIwZ
1790324538.376 8 S: 	cXhBlwybreCZSuvvROfEX49CfHBxuWUjahF8q3Hbu5k2e2MHJcQtDR1fhfPHMHGIuW28sd0u
1790324538.376 8 S: 	htdipyM0qo5DlwvcnNuamx0O+Y2Dy7zUxUiv9UjTxBK2j+PzCk86iA2Nrm+T4q39XVRROV1H
1790324538.376 8 S: 	xp8He5sO1qJqxuKdynxa5jzc5YRlpwxExvtDcnq2UI2+zfwW1GXwE5rkK6U+8JSnhkDI8gSQ
1790324538.376 8 S: 	oLG0RlbClG79VLosQEe5BfnEFUbxWlL8tErD9jFJPcWxW/2KKXAWe98gAhkdd6fh0WDuN52B
1790324538.376 8 S: 	PMZnCgs7zyae7H1v8kxmp5cPZj718pcrvf7TJhHbb0I97ZgZdlJD0X62E82JT9A9acqUiaOD
1790324538.376 8 S: 	XEbZ90AaONGsufoEOW5YgSkSaNKCGb8cbWji19eJVQmB8SboiRiZMTkyUtXPPy4qKjOTl7ZL
1790324538.376 8 S: 	1gzT2Zzctzqra9YY8gDhWe7L4AGCgcWxpRc29GRMyiPU3zCvJhrGHRlpAveHeJBhT1qkF+lr
1790324538.376 8 S: 	ybCIvV29GVb1ZNpCNswS+yjeBSkKLnlRqhyZr+CEdLsaTVyBwgtar8gTRKSw+bXe1KgUG5ZB
1790324538.376 8 S: 	Ax9TOCqcmilM7rp9zBGGRt6DuNB5g5ZNbhoVpHBNNK+s/8eHV6BTjc6NFtSJOFj1VyyVDZf1
1790324538.376 8 S: 	OcnXJ8/SWhsL0aVMxcU28CY16Pl1BKa4vcAQw0e1IF+9zK5Yt353tFk8djcT5iy5pKtCkp8g
1790324538.376 8 S: 	EOrq9SthG1J9D0SHupRG2pgIQGjCWd53+vGS326/omgRy21nMuf+HHh8hG1+9ZGk4rEbsvmV
1790324538.376 8 S: 	VgdBcrCSSI1q2FyJ8EYIW8vcJsvIjx+AXfRiezqEGYjeZxMIDhHkNSxPLnqdxy8ruiSXwnWL
1790324538.376 8 S: 	LLSYRkEt1D6SrMqtcX+OhKENYv/7ZH+smMJAZZWUIQZG3OadbkWBY3YXNCwBdzTXua0FQhMb
1790324538.376 8 S: 	kOdFJuTdPuSYBzhEZzebTYmzV4I3Y6tnPuTw6irUrRzULLsiU1aky2I5sUkxHZjqkkoUlFH7
1790324538.376 8 S: 	UiBJg9MQkpF9PScDeb+iuXdvZUZ109w2+pQhfw6vcMFSS/WovDBM7eAteTFzKZ6eeU0CItUZ
1790324538.376 8 S: 	cvjzcUO7mRFPfSL+TuUuALXFQJdaf7zHWmjL+x/q3RYpkvzhZK2ShB5C0yQ7sKv68y2kVTLq
1790324538.376 8 S: 	zeYPYh9NVmUNq75wMJXi0k9gVYD13zHr6peVFcLrlEwhJC9CtEdBNhRIakBFOYz6j1KojrAo
1790324538.376 8 S: 	mmGjqY/kTgL4xSBsxPvtXg5FpMq5Z7LqWAz/Mv154DJ581Ny2B0tedNXhopjf6BXantLhRU2
1790324538.376 8 S: 	Q5Kn8TxDWmp3pchxfIiu3DY9UNMsVnd5iY/SdofjAAAAAAAAAAAAAAAAAAAAAAAAAAAAAAAG
1790324538.376 8 S: 	DRIWHSA=
1790324538.376 8 S: From: ember <ember@spike.invalid>
1790324538.376 8 S: Newsgroups: fn.test
1790324538.376 8 S: Subject: Signed hello from the reader spike
1790324538.376 8 S: Message-ID: <fn-client.20260925T081131Z.beec9760@ember.invalid>
1790324538.376 8 S: Date: Fri, 25 Sep 2026 08:11:31 +0000
1790324538.376 8 S: 
1790324538.376 8 S: This article is signed on the author's machine.
1790324538.376 8 S: ..a dot-led line
1790324538.376 8 S: .
1790324546.388 8 C: POST
1790324546.388 8 S: 340 send article to be posted
1790324546.388 8 C: Path: example.org!hbox
1790324546.388 8 C: From: ember <ember@example.org>
1790324546.388 8 C: Subject: Re: Signed hello from the reader spike
1790324546.388 8 C: Newsgroups: fn.test
1790324546.388 8 C: References: <fn-client.20260925T081131Z.beec9760@ember.invalid>
1790324546.388 8 C: User-Agent: tin/2.6.2-20221225 ("Pittyvaich") (Linux/6.11.0-29-generic (x86_64))
1790324546.388 8 C: 
1790324546.388 8 C: ember <ember@spike.invalid> wrote:
1790324546.388 8 C: > This article is signed on the author's machine.
1790324546.388 8 C: > .a dot-led line
1790324546.388 8 C: a followup from tin
1790324546.388 8 C: .
1790324546.389 8 S: 441 posting failed; Path must not be supplied
1790324564.421 8 C: POST
1790324564.421 8 S: 340 send article to be posted
1790324564.421 8 C: Path: example.org!hbox
1790324564.421 8 C: From: ember <ember@example.org>
1790324564.421 8 C: Subject: A new post from tin
1790324564.421 8 C: Newsgroups: fn.test
1790324564.421 8 C: User-Agent: tin/2.6.2-20221225 ("Pittyvaich") (Linux/6.11.0-29-generic (x86_64))
1790324564.421 8 C: 
1790324564.421 8 C: 
1790324564.421 8 C: a followup from tin
1790324564.421 8 C: .
1790324564.422 8 S: 441 posting failed; Path must not be supplied
1790324573.433 8 C: ARTICLE 6
1790324573.435 8 S: 220 6 <fn-client.20260925T081203Z.b92e3e21@ember.invalid> article follows
1790324573.435 8 S: Path: fn.example.invalid!not-for-mail
1790324573.435 8 S: Injection-Info: fn.example.invalid
1790324573.435 8 S: FN-Authorship: AQFYIL37G8Fnpmg+BgKa+QBZPp+sgw9KwKnj7/tWy8HEub7rAVggMB1MBXsTh0oRJ2QyZ5rq
1790324573.435 8 S: 	x5iY3NY9htzeJefEn7CyOywCWQegietrQ0Oz0Pxynneqwd511s3pgM/fTK6H6erjLmf7GiG2
1790324573.435 8 S: 	Mh+2Xcb9zBAJEJPtl4AG8sO170xpQAySDp1a6FoYlBoziD4eAKuOBupFDPEs2tDa+CMCdf5k
1790324573.435 8 S: 	hgHC9S0sMxHn9jjSY3fP4YPBG2TOzVGakkOTjBrT72ayFROiNKMpEM0n0yT47CpoFUum/ZYV
1790324573.435 8 S: 	phkjlOPdTsfOuf+r16S+LuD5ALnpWj7thH0h4z+Tp6Z6HqMO+1N4A2B66NTTpnP0Cg7HKdN1
1790324573.435 8 S: 	DZJdMbk/qEH51sOa+EPbcIiAScc5LIPmuiSHgz/t3C6IITwxqi0AaQ7NOE2wtP1bm72uIabj
1790324573.435 8 S: 	Ml9/YeIySadfGwwicV596RJY7KWB9IZyian3n2NHcXkCZ2S9iD1AHyug7nhbzh5+SCozh5tl
1790324573.435 8 S: 	CB1DzV245oOtJpIfXvzrAyo6P4PLoQxt3SMo/BIR9bh3EK7UqrptJS8xB2j7+zq8EeRTO8T7
1790324573.435 8 S: 	KoDrfhgl+WGs4vqCmFaN9IVDFW+sIfbKFlvHwEcZAkwyN216LTnpn68RG2+5dSiZe85DtaDc
1790324573.435 8 S: 	DNvqHoUauc52QVYmYoHXYbbx72T78D4LivqbKB8nQQDICN6LDZJnGO/RHCuFjtVVYaekcQhl
1790324573.435 8 S: 	A0Bm1MOCLOLfsIICSTJ2owzCocxcx44DlVvWxDCn67xSc+b0PtlaOHasvM2SKh3mRRkpEF8i
1790324573.435 8 S: 	tGrqH42WsaW811RGo8V4MIuzio014Hik+zLVUrdli1Zk2cEqgqsPYGAtA9KeCmGHT/F4CNfL
1790324573.435 8 S: 	LCaZq4K0ZGVT86xsn9uf1Wn2ClG+J8hFoIgcIf4CY4XMH6YqM4qi2mk8KOYYB845VYntt8ih
1790324573.435 8 S: 	WSXNqdzdME/yZI/EBTAE54LreI0DxiWzAsPoDGn36CGx+yMrQ+rRB1eOJxD8WdXfS7lE9T4M
1790324573.435 8 S: 	Q6UmiC9+AjnKUOJ94ueI92d8pqXGb+qY5Fu/vfdz7W2VnPDuRsvEw0ooycf0GdoBIjAK8kII
1790324573.435 8 S: 	bcUtumVVCe+2RNJ0j7gicOALDQ89Ze4bj7ZnFKi2WRlkmx0rLaY5AwkvbpONjifra8/xA+q3
1790324573.435 8 S: 	pspubF3rTMRH/kKhokofEr4jRtt+1w0Fa+UcpblKeXF365Z1lkv1MH0d95xtvSZdQglSA32Y
1790324573.435 8 S: 	3xZEQ85PD9GqO1JHupugIi3WiJ5x7klwX3Q67NymxsmmQqnEXSWdco0fG7aKOfWWwnPc2DeW
1790324573.435 8 S: 	SfBmm/9dw5dPMGgWOlCAH90GQoyXoQwVsm64bFkQ3aA0DRSb+Bjy4px261ydbt+KzmGABpVL
1790324573.435 8 S: 	G+xLF3ciZpadXJ1LMft6NP0CFLyVOpf5m40k+LgD/vJ+jaAURkx70I3xH7Ypc4fdHICmpLsq
1790324573.435 8 S: 	GXeqQjFvW8jGDeKk+yS6fR29IEt6i47Sp9EA2lPc7HeiR3q375fglK4fpYiGriJrf8dp6X6a
1790324573.435 8 S: 	Pfnp/rTBReiQWRw21h/eF/9zndbs0cj8i3o3RdnWrUFH2M96+GcIrVMTUMZYpPtNmIzodajp
1790324573.435 8 S: 	zgzVOEnE+HI773T5ICxWR/iMQS8EPpkV7oitqhUW/x3iA5lLPsLF9S3JiGCN+5CkdDnsWeod
1790324573.435 8 S: 	pLKe+cX8+5LCNMAjsRqAakByB7A/OLW+JQFd4F+5Pbdzps2FKDS/w2rNL3kh4iI+xN5xgHeS
1790324573.435 8 S: 	qRRKBnCrTbMP1hTfG6JpGSp47Cgb8RXFakHuszcRuglcxT94KOuLmYGrPTtS+MNyMumN260N
1790324573.435 8 S: 	mpyP2vmNQJqpEjAQPtZH5SwT5w+qrQT2jJseKtbdB8RW/2ZBrtuCGK3D2Bqf1KOItpYuUiVy
1790324573.436 8 S: 	5t+dtguDdxkY09pYgi65Kt2IVrncn9jFmUawejp5aWsZpd1ki5Elg8X/Q6Jh5JYGRTqg6dav
1790324573.436 8 S: 	RFJC+eIyT0hrAJ5qsIQHft3eYEjJwHFgip/nun9hBWutC94dwwjigh0sOdnE/O476Z5OczfL
1790324573.436 8 S: 	bs1KX3Eth9Z+EgahHTQX/gxAlYq9YFAl4o2Ozr2k4f69gSsT7ZNB/SbAS8WRiq8mmc9PNc0S
1790324573.436 8 S: 	Ums7tBwcq5ikfOhpVBmRzR0XPb98xi2H40VGbiP4etawKYgaEqxgAS9IvoAlbA3miaaV047h
1790324573.436 8 S: 	iDQznjcoBKnb/4I4LXuV4BK0bCGeBdVScAupyWDCSXgs0FoeGYw1UXaPr7Nv03IWlTuCc3JQ
1790324573.436 8 S: 	tIFpmvfXO3ewDBWF1MpQDZwMgQlpjf7SHgviscHDPFvAm6GoJhlXAkfa1+7krU0t9xXsitjG
1790324573.436 8 S: 	+bsUmDlsRA+3tivKb9qpC6RMqw2q41urXRTZDgc1gD+1WYZs+vqMPvMeziFkt8LyNa5HXu9S
1790324573.436 8 S: 	5siXS39dPanDJvLRuGYHrzCN5/vtAvl0R+leakn6mb0prI8EK5IvwISUZeSmFJgrdH4ZtazY
1790324573.436 8 S: 	RRC/OkQMKJ42gAbFzExUA7Q/Y3/kCWGm8AH0omHlAtiN9gvT6isG6Q5vIpGtosZ0PWVbSUHV
1790324573.436 8 S: 	r5OZfw9R/kCdepWhdaqira+ny68t5yNhnoyrDZTAm5klRzsAl6RuZ+pGTIzTfV0MYM+7WmCk
1790324573.436 8 S: 	lJZWEgoHvDdVFN0kLRjjkRandFA0ZYnxOHjLLYohYk8q7jVD7n0PX1/sAOKganT554lLydmt
1790324573.436 8 S: 	7jQrCLJI8wKrvjqMbmQUdobG5CHJJS/tvVgt76tYQEc6hif2FpRmm6aXpESu0MC1rsqBPxCx
1790324573.436 8 S: 	9DSSfje/QS6ERF+/F33XfuQzSjtkeYe8YDzoXrMe2REK5E5rN0mIVQlZDO1ex038yBUVApbA
1790324573.436 8 S: 	J9CxOsD2QkADI7/ry00wY2TSGZQHTBW8WIBurfIuDpkVcnbSE7lq5Ay/txxC6yc17s/2c72M
1790324573.436 8 S: 	x/zWMbz80UL9aEDehqr7kTllO+Zn+AQtva3CDwLPTz5WfXLk+BEkZg0tET9vs1kVAkFfspfF
1790324573.436 8 S: 	Uw8srokKMgI2p5lFNtWJIyW7pukxMf4KJne3lN9zlvb+mdvuze27VuLSzfaZj2/H/bw9fjbI
1790324573.436 8 S: 	oosJss0R2SWORdjY4sA/axjqlQLmxKPlCmSJeJWoBtuoMdX7SmAdjaIA9ve7hUb+CRe3gprp
1790324573.436 8 S: 	afZEVBCc3N3dklXdYu6Cc8McgKi/g8oQ1n5jm0E7w+sv5B7K9TXbIUs5jNyti42+68zOBfmm
1790324573.436 8 S: 	a6bJj3U5FhvcLW11fLGN2cx04RiJq8sY2wGtN01Q5+1ABUzNUCEiDlxmq1ql5A37gywniR5f
1790324573.436 8 S: 	pgka3eCxnEtvKynO6i09sV4TqAr81WDkmqSQLN3RuwkZqbGOgGZhnpVRlD5V9DrKgd7HygRK
1790324573.436 8 S: 	VRtesJ2CN+ua7artdCMrxktLaQ0aBpt/ISeT+k0iaHaFnPyAkDcV5Mc2lF0rJADMF54Djmub
1790324573.436 8 S: 	dWXgQJo+H0TGU/IykmtlG9Ioa7zcZLig7Vt37wUB/sQ5WA320QgtIcRTu8fF7Ynkcd2MV3gW
1790324573.436 8 S: 	ewAHaH/m3jElobqsA/kEthT21U6PB7qXN0dS6S2SrQOIWL7FqpSAK19YcnwEWwWg/tcIYTS8
1790324573.436 8 S: 	w6Orfr64xAtk8qflvVGWUyOzHXVY9JJFQ3+RiWaTaMHrU0TPDNwnOIlgL7vFIMJ4lmV03K5G
1790324573.436 8 S: 	dKd4RA9V80u6rMXHLhwxBNdNOYqiwpII76dxjAvTPS+GGaj0hAjpFpRqSzb/XiLZKRss0x5F
1790324573.436 8 S: 	+T5imgAUA2BRGQ8r5gPDi11S8BjKYCva5cLFgPICYSB8FvZsLCnB/XsJ1aGhAJxWlzExQAdg
1790324573.436 8 S: 	NGIEC9pKJpXAVCNDnQE2iMD21SKMGrUmRcUQ07CZfyfo6O3UuOCfem/+nuxW+WN9pNoc12LY
1790324573.436 8 S: 	AvUVVu5I9TIyMnhItkKtQOQ4FsDnRXWCS8gDa2Ql6lzVpOjXxW0ZlQpLuyqULRyJsAbk+ILx
1790324573.436 8 S: 	nZSbx7EbgvWOQ6sW0qh24y1eFa6XpuQIh4yONwLxnyFVTeMMMQi63m5twbcqWW/SwjbcexIp
1790324573.436 8 S: 	HK1OgPXqw0iNC8cEl0EQNrfdrg8L89M41SzWBc25rc/qoMBf5gUUgTnfRJO76s/G7TLkuEtd
1790324573.436 8 S: 	/YafdhVmfEWBUV+79L1w7XsxXV+Y/Od1WcE94fuTmnkkoCpCuO2cO5nSWSWl/lPS0XXrjquG
1790324573.436 8 S: 	q3QJtc7V1sB/s9+7wRSY1A/zjP1/nckUjVlGYoxwhY7k/6Mm6f47B2/CDNDjhphb/ZNf4ccw
1790324573.436 8 S: 	Vk08ZhHAb/YkITLW4m8HDQWkRVHRIE39yO8yGNZWjVGOcKYY8hy+H4tINRGrUq9T8bcCnc8Z
1790324573.436 8 S: 	ZGdVR0bnvYfYZn6DrVon6/aWFqGXZoLCZsRMYU4vuNP40/jli0/jOeRDgvPLWUq+i3NE0vpn
1790324573.436 8 S: 	38aQSQRA2rv56seU7zsFyuBQDHy6OolbJLDgTt0u2LdoIFEltWqHWxggx1sRFZSt/5jaP8Xm
1790324573.436 8 S: 	7OQSW5qOtEo9gZCoB7n0B0VTeaZ1qxQv6LXlDSJBsTcFehzYluy8ga7bcM/J2Ev3xaAZN8f4
1790324573.436 8 S: 	356Ah+4WQRVtvIqIjje4xxN0DrcIvDqs2hjkYyEI8hqHlfGVj6jV5xAQM0KHiGkuSm4OWSDG
1790324573.436 8 S: 	Sy+5cvJooKjmiNsOwmV3Px2pow5PlT8U0/1NVugoxSxawBsNBi2hVbY+0yBnbAVy/fpjIsJc
1790324573.436 8 S: 	/X5MnHHYX1r03v89KOE/qAzzAFf8EQSoLaBZ751FKZbAxq5SPdbyFW4X2jGMe1I18UUXOagX
1790324573.436 8 S: 	i3Rghy5xdyVgS7mx3p+Ln4zpeaEMGuSXzZ6K8xFSxylMU/bupr6yrCVZQFz5taEbDIA/Heg8
1790324573.436 8 S: 	4TllmrfxsxVr9AU9rmM4lpFu2NMgwUZV3bdnDNkXZrnoisW2D0ETOri6EaB1I54sAHe15hqP
1790324573.436 8 S: 	PUyVzcjaIcJQTwt0or5DsStjVLwJ82yUa6x5RoaxN2W4nhLCXrMot7qOWYIWUxL4Q9wmdnuG
1790324573.436 8 S: 	9yJX/cXvxt3oKWW2oVru36DQbFmu0EcGn8WZfgtVvL3FDRURqP8VKpbA4TS4iPRjN0BiZJZE
1790324573.436 8 S: 	BX0X4vtLvqOacfq62pJms0/p1X0T4JTilCs8PL0f7hot84AehLzMkI9DTMhEEeaTql96JCdC
1790324573.436 8 S: 	oKMLpoNL7akLWwusBEpXhNW7KDUXH9VR3ZpB+bKOhG5zFjc+Rt9PUXYEpQfJqTmL1FZz7UEz
1790324573.436 8 S: 	lgvmEsnmPmcxYWFUFhQHTmM2u/bmA6ZQ46nVV/uZ2y7NDwboB8nhgcKwsk8oNhPlunB6hdap
1790324573.436 8 S: 	thXzTDp6ksfBrY8666IGX3kTDrQ/0iouFeDF7pREsbqYjD2O0bddZUf0MfxOXTrZvUupn7g5
1790324573.436 8 S: 	xFymvIMrO0BIaAq9kW2tZAOGguWF8YIDyS3VLUKZneipGMAb5TXQEkcmGRhUhrlFaglKIaIY
1790324573.436 8 S: 	M93lzPZpl9LaFkNCPE6+duZQsyanoVpskenEqdsvgRtxHH3XXRvE/pNV+DWSrBOjv8B7hWKO
1790324573.436 8 S: 	MOzyouDFCV3yOKVw0qlRRfLLEYxfnYZ+8TdJZr9fIcCbkRt04mNwQGAcZlgsJqt9pEkPBaeI
1790324573.436 8 S: 	M3tBN8VUv5Fl+Ivd5Z27wk8uiIezD3Jy72pfWiti0myGu+yc+6iNgGdx0Sy9TzFBaq7Qf2Xz
1790324573.436 8 S: 	GpvXUFBQtu0krYtbtqfpUTVKf7Y+KSKAtNz74udBU2bj4qIxa1IUs/iYMiuIs5zvDOXd1AdS
1790324573.436 8 S: 	DIIxt/spWZkDRloLgLJXvoW2jQsTJnwY/HHjaJ7vppC7g9qnwp2UzQtYkRRd1/R1KdBa8xBh
1790324573.436 8 S: 	/lnC6LgGvWuHFqQcDpF/A29rFjxWv4OUNmlVFpVvTLg+OEzX6c1C4GlcB0Q69y5O/TzoP7gN
1790324573.436 8 S: 	VXrI/m4phTRgbhdHlasJh9jr6f9I3mFxhGuPCpzboETopfCadHf/hpqBV5t1VhtJQPw4WZm8
1790324573.436 8 S: 	TuOEJLH0firKGJS1KWuE8H+hr/uZrvl4n6t2mKnj0liVR/7X+NYUkTd0OsBCwcExL2/vCq/e
1790324573.436 8 S: 	pVllWPZiyJVRE2iamtggYz6UhteGkP9T/34oHvlRX4BCP7HcON3Y9aN1BhtQRgXCTKRkhcUo
1790324573.436 8 S: 	OXyO8zk8sgk60omRgvAf30c+a3i/aAEW/JJsdm+QXnQdMQn+SqHXCpMaLvWfROQmeCaI0BaU
1790324573.436 8 S: 	HT07CLcmYw6+hw1j30cft7TUm+UCYeZn6iQoolxPVcDrz2jlMd5sWYd2cNesAP3ZRFVKGO2r
1790324573.436 8 S: 	pvVZvBdIhZwYVEIs8vfcQjIjdUQMGR8yc+8L9UXa5TiFoSucObAcmw/DgTkzKDm7FOl1fyhw
1790324573.436 8 S: 	mntU6xaglOoa7t9SQGuR3QziEiINaQrol9yxAgZ7rbUHoS/uFH4tG0FuVT/HPucuHF+nWhqX
1790324573.436 8 S: 	R4sMYgJFzQwnyumMTyqVOKMUhSfv9dsQuhRm5PigkeU4sLCg6sMdBbZUM3CTX9B88ES+PcjR
1790324573.436 8 S: 	bf9PGcdT2M3yVawabRU2bY4Xi5Oq0E0Z23DtlLLO/SXpMqhHIgiWQday4yrMLD/JfnU+zCL1
1790324573.436 8 S: 	kMFWYJ9J/cXpEZogQ2WHLoH8siR7PNSXTl09qlXAh1de2gSWnoVfiB/82QPGyhQLaBSW2Xan
1790324573.436 8 S: 	Ls3h8ANVdxtrNzQjUuhjculVZZOFOJi/+pGpb8Bw9foRoLRXMl5SjqXrfo40mNKYM0+Z4x3A
1790324573.436 8 S: 	T38MwsRHjFzV6kuvuCn2MJPY1A7j5lDMQJ1jO+t0j8qHtPCbRw6FxAFjxG2d1bDbg2sjrf0n
1790324573.436 8 S: 	CRGY2rQ7p0lWHllc25PAo9xSXhHyRzh1HYfMnGwFiE2l1t2gAf8ZdEjtv2dmE+EzQ6BB9QdJ
1790324573.437 8 S: 	rJ/qW7MRpQ2uszfk0jIjAZuHxT05SvekZ3Zn3QLFK/Yj9N89sjEZWqHaTm6pMtUxYqRJVHPX
1790324573.437 8 S: 	thP7OMIi8VebIvRIq3SU2Yw4xYuM+QHxVqQQSwBt7uzx2hYOMSM/iYC7wCES3TbKKRL/zVaT
1790324573.437 8 S: 	HPPGW0chyPxwwT8rnnHwHIa2x4xDMRhkcIzqYfbc50UEMlEESyZn0SHiMIGDvDwKOHvGQ4wH
1790324573.437 8 S: 	DgJRaNEf0CdG5D3dX0tlG1zTMSjJBapmYqRnEORcvZBASFp94UVg7AdEPyV1DNAOZkAXrxRI
1790324573.437 8 S: 	4yZxLlEjI10B8/jM0d32mBIz/wspvGWlyzVJYtEpzGvdY+OLum1CcyvcsvKqP7wVMjfYnoH1
1790324573.437 8 S: 	8e7QuI9otIHIQ4uNw8mmysyPG2yUQzZUp45fOCAG58qaFoFQ6R1+JNOewB8UctyCxxvf4Sfx
1790324573.437 8 S: 	IylGUFViCgw4aKOtwMr9Hku37g8lLTf2BjWsyNneAAAAAAAAAAAAAAAAAAAAAAAAAAAAAAAC
1790324573.437 8 S: 	CBEVGiA=
1790324573.437 8 S: From: ember <ember@spike.invalid>
1790324573.437 8 S: Newsgroups: fn.test
1790324573.437 8 S: Subject: ember logs in, guest's key signs
1790324573.437 8 S: Message-ID: <fn-client.20260925T081203Z.b92e3e21@ember.invalid>
1790324573.437 8 S: Date: Fri, 25 Sep 2026 08:12:03 +0000
1790324573.437 8 S: 
1790324573.437 8 S: login/principal gap
1790324573.437 8 S: .
1790324582.458 8 C: ARTICLE 6
1790324582.460 8 S: 220 6 <fn-client.20260925T081203Z.b92e3e21@ember.invalid> article follows
1790324582.460 8 S: Path: fn.example.invalid!not-for-mail
1790324582.460 8 S: Injection-Info: fn.example.invalid
1790324582.460 8 S: FN-Authorship: AQFYIL37G8Fnpmg+BgKa+QBZPp+sgw9KwKnj7/tWy8HEub7rAVggMB1MBXsTh0oRJ2QyZ5rq
1790324582.460 8 S: 	x5iY3NY9htzeJefEn7CyOywCWQegietrQ0Oz0Pxynneqwd511s3pgM/fTK6H6erjLmf7GiG2
1790324582.460 8 S: 	Mh+2Xcb9zBAJEJPtl4AG8sO170xpQAySDp1a6FoYlBoziD4eAKuOBupFDPEs2tDa+CMCdf5k
1790324582.460 8 S: 	hgHC9S0sMxHn9jjSY3fP4YPBG2TOzVGakkOTjBrT72ayFROiNKMpEM0n0yT47CpoFUum/ZYV
1790324582.460 8 S: 	phkjlOPdTsfOuf+r16S+LuD5ALnpWj7thH0h4z+Tp6Z6HqMO+1N4A2B66NTTpnP0Cg7HKdN1
1790324582.460 8 S: 	DZJdMbk/qEH51sOa+EPbcIiAScc5LIPmuiSHgz/t3C6IITwxqi0AaQ7NOE2wtP1bm72uIabj
1790324582.460 8 S: 	Ml9/YeIySadfGwwicV596RJY7KWB9IZyian3n2NHcXkCZ2S9iD1AHyug7nhbzh5+SCozh5tl
1790324582.460 8 S: 	CB1DzV245oOtJpIfXvzrAyo6P4PLoQxt3SMo/BIR9bh3EK7UqrptJS8xB2j7+zq8EeRTO8T7
1790324582.460 8 S: 	KoDrfhgl+WGs4vqCmFaN9IVDFW+sIfbKFlvHwEcZAkwyN216LTnpn68RG2+5dSiZe85DtaDc
1790324582.461 8 S: 	DNvqHoUauc52QVYmYoHXYbbx72T78D4LivqbKB8nQQDICN6LDZJnGO/RHCuFjtVVYaekcQhl
1790324582.461 8 S: 	A0Bm1MOCLOLfsIICSTJ2owzCocxcx44DlVvWxDCn67xSc+b0PtlaOHasvM2SKh3mRRkpEF8i
1790324582.461 8 S: 	tGrqH42WsaW811RGo8V4MIuzio014Hik+zLVUrdli1Zk2cEqgqsPYGAtA9KeCmGHT/F4CNfL
1790324582.461 8 S: 	LCaZq4K0ZGVT86xsn9uf1Wn2ClG+J8hFoIgcIf4CY4XMH6YqM4qi2mk8KOYYB845VYntt8ih
1790324582.461 8 S: 	WSXNqdzdME/yZI/EBTAE54LreI0DxiWzAsPoDGn36CGx+yMrQ+rRB1eOJxD8WdXfS7lE9T4M
1790324582.461 8 S: 	Q6UmiC9+AjnKUOJ94ueI92d8pqXGb+qY5Fu/vfdz7W2VnPDuRsvEw0ooycf0GdoBIjAK8kII
1790324582.461 8 S: 	bcUtumVVCe+2RNJ0j7gicOALDQ89Ze4bj7ZnFKi2WRlkmx0rLaY5AwkvbpONjifra8/xA+q3
1790324582.461 8 S: 	pspubF3rTMRH/kKhokofEr4jRtt+1w0Fa+UcpblKeXF365Z1lkv1MH0d95xtvSZdQglSA32Y
1790324582.461 8 S: 	3xZEQ85PD9GqO1JHupugIi3WiJ5x7klwX3Q67NymxsmmQqnEXSWdco0fG7aKOfWWwnPc2DeW
1790324582.461 8 S: 	SfBmm/9dw5dPMGgWOlCAH90GQoyXoQwVsm64bFkQ3aA0DRSb+Bjy4px261ydbt+KzmGABpVL
1790324582.461 8 S: 	G+xLF3ciZpadXJ1LMft6NP0CFLyVOpf5m40k+LgD/vJ+jaAURkx70I3xH7Ypc4fdHICmpLsq
1790324582.461 8 S: 	GXeqQjFvW8jGDeKk+yS6fR29IEt6i47Sp9EA2lPc7HeiR3q375fglK4fpYiGriJrf8dp6X6a
1790324582.461 8 S: 	Pfnp/rTBReiQWRw21h/eF/9zndbs0cj8i3o3RdnWrUFH2M96+GcIrVMTUMZYpPtNmIzodajp
1790324582.461 8 S: 	zgzVOEnE+HI773T5ICxWR/iMQS8EPpkV7oitqhUW/x3iA5lLPsLF9S3JiGCN+5CkdDnsWeod
1790324582.461 8 S: 	pLKe+cX8+5LCNMAjsRqAakByB7A/OLW+JQFd4F+5Pbdzps2FKDS/w2rNL3kh4iI+xN5xgHeS
1790324582.461 8 S: 	qRRKBnCrTbMP1hTfG6JpGSp47Cgb8RXFakHuszcRuglcxT94KOuLmYGrPTtS+MNyMumN260N
1790324582.461 8 S: 	mpyP2vmNQJqpEjAQPtZH5SwT5w+qrQT2jJseKtbdB8RW/2ZBrtuCGK3D2Bqf1KOItpYuUiVy
1790324582.461 8 S: 	5t+dtguDdxkY09pYgi65Kt2IVrncn9jFmUawejp5aWsZpd1ki5Elg8X/Q6Jh5JYGRTqg6dav
1790324582.461 8 S: 	RFJC+eIyT0hrAJ5qsIQHft3eYEjJwHFgip/nun9hBWutC94dwwjigh0sOdnE/O476Z5OczfL
1790324582.461 8 S: 	bs1KX3Eth9Z+EgahHTQX/gxAlYq9YFAl4o2Ozr2k4f69gSsT7ZNB/SbAS8WRiq8mmc9PNc0S
1790324582.461 8 S: 	Ums7tBwcq5ikfOhpVBmRzR0XPb98xi2H40VGbiP4etawKYgaEqxgAS9IvoAlbA3miaaV047h
1790324582.461 8 S: 	iDQznjcoBKnb/4I4LXuV4BK0bCGeBdVScAupyWDCSXgs0FoeGYw1UXaPr7Nv03IWlTuCc3JQ
1790324582.461 8 S: 	tIFpmvfXO3ewDBWF1MpQDZwMgQlpjf7SHgviscHDPFvAm6GoJhlXAkfa1+7krU0t9xXsitjG
1790324582.461 8 S: 	+bsUmDlsRA+3tivKb9qpC6RMqw2q41urXRTZDgc1gD+1WYZs+vqMPvMeziFkt8LyNa5HXu9S
1790324582.461 8 S: 	5siXS39dPanDJvLRuGYHrzCN5/vtAvl0R+leakn6mb0prI8EK5IvwISUZeSmFJgrdH4ZtazY
1790324582.461 8 S: 	RRC/OkQMKJ42gAbFzExUA7Q/Y3/kCWGm8AH0omHlAtiN9gvT6isG6Q5vIpGtosZ0PWVbSUHV
1790324582.461 8 S: 	r5OZfw9R/kCdepWhdaqira+ny68t5yNhnoyrDZTAm5klRzsAl6RuZ+pGTIzTfV0MYM+7WmCk
1790324582.461 8 S: 	lJZWEgoHvDdVFN0kLRjjkRandFA0ZYnxOHjLLYohYk8q7jVD7n0PX1/sAOKganT554lLydmt
1790324582.461 8 S: 	7jQrCLJI8wKrvjqMbmQUdobG5CHJJS/tvVgt76tYQEc6hif2FpRmm6aXpESu0MC1rsqBPxCx
1790324582.461 8 S: 	9DSSfje/QS6ERF+/F33XfuQzSjtkeYe8YDzoXrMe2REK5E5rN0mIVQlZDO1ex038yBUVApbA
1790324582.461 8 S: 	J9CxOsD2QkADI7/ry00wY2TSGZQHTBW8WIBurfIuDpkVcnbSE7lq5Ay/txxC6yc17s/2c72M
1790324582.461 8 S: 	x/zWMbz80UL9aEDehqr7kTllO+Zn+AQtva3CDwLPTz5WfXLk+BEkZg0tET9vs1kVAkFfspfF
1790324582.461 8 S: 	Uw8srokKMgI2p5lFNtWJIyW7pukxMf4KJne3lN9zlvb+mdvuze27VuLSzfaZj2/H/bw9fjbI
1790324582.461 8 S: 	oosJss0R2SWORdjY4sA/axjqlQLmxKPlCmSJeJWoBtuoMdX7SmAdjaIA9ve7hUb+CRe3gprp
1790324582.461 8 S: 	afZEVBCc3N3dklXdYu6Cc8McgKi/g8oQ1n5jm0E7w+sv5B7K9TXbIUs5jNyti42+68zOBfmm
1790324582.461 8 S: 	a6bJj3U5FhvcLW11fLGN2cx04RiJq8sY2wGtN01Q5+1ABUzNUCEiDlxmq1ql5A37gywniR5f
1790324582.461 8 S: 	pgka3eCxnEtvKynO6i09sV4TqAr81WDkmqSQLN3RuwkZqbGOgGZhnpVRlD5V9DrKgd7HygRK
1790324582.461 8 S: 	VRtesJ2CN+ua7artdCMrxktLaQ0aBpt/ISeT+k0iaHaFnPyAkDcV5Mc2lF0rJADMF54Djmub
1790324582.461 8 S: 	dWXgQJo+H0TGU/IykmtlG9Ioa7zcZLig7Vt37wUB/sQ5WA320QgtIcRTu8fF7Ynkcd2MV3gW
1790324582.461 8 S: 	ewAHaH/m3jElobqsA/kEthT21U6PB7qXN0dS6S2SrQOIWL7FqpSAK19YcnwEWwWg/tcIYTS8
1790324582.461 8 S: 	w6Orfr64xAtk8qflvVGWUyOzHXVY9JJFQ3+RiWaTaMHrU0TPDNwnOIlgL7vFIMJ4lmV03K5G
1790324582.461 8 S: 	dKd4RA9V80u6rMXHLhwxBNdNOYqiwpII76dxjAvTPS+GGaj0hAjpFpRqSzb/XiLZKRss0x5F
1790324582.461 8 S: 	+T5imgAUA2BRGQ8r5gPDi11S8BjKYCva5cLFgPICYSB8FvZsLCnB/XsJ1aGhAJxWlzExQAdg
1790324582.461 8 S: 	NGIEC9pKJpXAVCNDnQE2iMD21SKMGrUmRcUQ07CZfyfo6O3UuOCfem/+nuxW+WN9pNoc12LY
1790324582.461 8 S: 	AvUVVu5I9TIyMnhItkKtQOQ4FsDnRXWCS8gDa2Ql6lzVpOjXxW0ZlQpLuyqULRyJsAbk+ILx
1790324582.461 8 S: 	nZSbx7EbgvWOQ6sW0qh24y1eFa6XpuQIh4yONwLxnyFVTeMMMQi63m5twbcqWW/SwjbcexIp
1790324582.461 8 S: 	HK1OgPXqw0iNC8cEl0EQNrfdrg8L89M41SzWBc25rc/qoMBf5gUUgTnfRJO76s/G7TLkuEtd
1790324582.461 8 S: 	/YafdhVmfEWBUV+79L1w7XsxXV+Y/Od1WcE94fuTmnkkoCpCuO2cO5nSWSWl/lPS0XXrjquG
1790324582.461 8 S: 	q3QJtc7V1sB/s9+7wRSY1A/zjP1/nckUjVlGYoxwhY7k/6Mm6f47B2/CDNDjhphb/ZNf4ccw
1790324582.461 8 S: 	Vk08ZhHAb/YkITLW4m8HDQWkRVHRIE39yO8yGNZWjVGOcKYY8hy+H4tINRGrUq9T8bcCnc8Z
1790324582.461 8 S: 	ZGdVR0bnvYfYZn6DrVon6/aWFqGXZoLCZsRMYU4vuNP40/jli0/jOeRDgvPLWUq+i3NE0vpn
1790324582.461 8 S: 	38aQSQRA2rv56seU7zsFyuBQDHy6OolbJLDgTt0u2LdoIFEltWqHWxggx1sRFZSt/5jaP8Xm
1790324582.461 8 S: 	7OQSW5qOtEo9gZCoB7n0B0VTeaZ1qxQv6LXlDSJBsTcFehzYluy8ga7bcM/J2Ev3xaAZN8f4
1790324582.461 8 S: 	356Ah+4WQRVtvIqIjje4xxN0DrcIvDqs2hjkYyEI8hqHlfGVj6jV5xAQM0KHiGkuSm4OWSDG
1790324582.461 8 S: 	Sy+5cvJooKjmiNsOwmV3Px2pow5PlT8U0/1NVugoxSxawBsNBi2hVbY+0yBnbAVy/fpjIsJc
1790324582.461 8 S: 	/X5MnHHYX1r03v89KOE/qAzzAFf8EQSoLaBZ751FKZbAxq5SPdbyFW4X2jGMe1I18UUXOagX
1790324582.461 8 S: 	i3Rghy5xdyVgS7mx3p+Ln4zpeaEMGuSXzZ6K8xFSxylMU/bupr6yrCVZQFz5taEbDIA/Heg8
1790324582.461 8 S: 	4TllmrfxsxVr9AU9rmM4lpFu2NMgwUZV3bdnDNkXZrnoisW2D0ETOri6EaB1I54sAHe15hqP
1790324582.461 8 S: 	PUyVzcjaIcJQTwt0or5DsStjVLwJ82yUa6x5RoaxN2W4nhLCXrMot7qOWYIWUxL4Q9wmdnuG
1790324582.461 8 S: 	9yJX/cXvxt3oKWW2oVru36DQbFmu0EcGn8WZfgtVvL3FDRURqP8VKpbA4TS4iPRjN0BiZJZE
1790324582.461 8 S: 	BX0X4vtLvqOacfq62pJms0/p1X0T4JTilCs8PL0f7hot84AehLzMkI9DTMhEEeaTql96JCdC
1790324582.462 8 S: 	oKMLpoNL7akLWwusBEpXhNW7KDUXH9VR3ZpB+bKOhG5zFjc+Rt9PUXYEpQfJqTmL1FZz7UEz
1790324582.462 8 S: 	lgvmEsnmPmcxYWFUFhQHTmM2u/bmA6ZQ46nVV/uZ2y7NDwboB8nhgcKwsk8oNhPlunB6hdap
1790324582.462 8 S: 	thXzTDp6ksfBrY8666IGX3kTDrQ/0iouFeDF7pREsbqYjD2O0bddZUf0MfxOXTrZvUupn7g5
1790324582.462 8 S: 	xFymvIMrO0BIaAq9kW2tZAOGguWF8YIDyS3VLUKZneipGMAb5TXQEkcmGRhUhrlFaglKIaIY
1790324582.462 8 S: 	M93lzPZpl9LaFkNCPE6+duZQsyanoVpskenEqdsvgRtxHH3XXRvE/pNV+DWSrBOjv8B7hWKO
1790324582.462 8 S: 	MOzyouDFCV3yOKVw0qlRRfLLEYxfnYZ+8TdJZr9fIcCbkRt04mNwQGAcZlgsJqt9pEkPBaeI
1790324582.462 8 S: 	M3tBN8VUv5Fl+Ivd5Z27wk8uiIezD3Jy72pfWiti0myGu+yc+6iNgGdx0Sy9TzFBaq7Qf2Xz
1790324582.462 8 S: 	GpvXUFBQtu0krYtbtqfpUTVKf7Y+KSKAtNz74udBU2bj4qIxa1IUs/iYMiuIs5zvDOXd1AdS
1790324582.462 8 S: 	DIIxt/spWZkDRloLgLJXvoW2jQsTJnwY/HHjaJ7vppC7g9qnwp2UzQtYkRRd1/R1KdBa8xBh
1790324582.462 8 S: 	/lnC6LgGvWuHFqQcDpF/A29rFjxWv4OUNmlVFpVvTLg+OEzX6c1C4GlcB0Q69y5O/TzoP7gN
1790324582.462 8 S: 	VXrI/m4phTRgbhdHlasJh9jr6f9I3mFxhGuPCpzboETopfCadHf/hpqBV5t1VhtJQPw4WZm8
1790324582.462 8 S: 	TuOEJLH0firKGJS1KWuE8H+hr/uZrvl4n6t2mKnj0liVR/7X+NYUkTd0OsBCwcExL2/vCq/e
1790324582.462 8 S: 	pVllWPZiyJVRE2iamtggYz6UhteGkP9T/34oHvlRX4BCP7HcON3Y9aN1BhtQRgXCTKRkhcUo
1790324582.462 8 S: 	OXyO8zk8sgk60omRgvAf30c+a3i/aAEW/JJsdm+QXnQdMQn+SqHXCpMaLvWfROQmeCaI0BaU
1790324582.462 8 S: 	HT07CLcmYw6+hw1j30cft7TUm+UCYeZn6iQoolxPVcDrz2jlMd5sWYd2cNesAP3ZRFVKGO2r
1790324582.462 8 S: 	pvVZvBdIhZwYVEIs8vfcQjIjdUQMGR8yc+8L9UXa5TiFoSucObAcmw/DgTkzKDm7FOl1fyhw
1790324582.462 8 S: 	mntU6xaglOoa7t9SQGuR3QziEiINaQrol9yxAgZ7rbUHoS/uFH4tG0FuVT/HPucuHF+nWhqX
1790324582.462 8 S: 	R4sMYgJFzQwnyumMTyqVOKMUhSfv9dsQuhRm5PigkeU4sLCg6sMdBbZUM3CTX9B88ES+PcjR
1790324582.462 8 S: 	bf9PGcdT2M3yVawabRU2bY4Xi5Oq0E0Z23DtlLLO/SXpMqhHIgiWQday4yrMLD/JfnU+zCL1
1790324582.462 8 S: 	kMFWYJ9J/cXpEZogQ2WHLoH8siR7PNSXTl09qlXAh1de2gSWnoVfiB/82QPGyhQLaBSW2Xan
1790324582.462 8 S: 	Ls3h8ANVdxtrNzQjUuhjculVZZOFOJi/+pGpb8Bw9foRoLRXMl5SjqXrfo40mNKYM0+Z4x3A
1790324582.462 8 S: 	T38MwsRHjFzV6kuvuCn2MJPY1A7j5lDMQJ1jO+t0j8qHtPCbRw6FxAFjxG2d1bDbg2sjrf0n
1790324582.462 8 S: 	CRGY2rQ7p0lWHllc25PAo9xSXhHyRzh1HYfMnGwFiE2l1t2gAf8ZdEjtv2dmE+EzQ6BB9QdJ
1790324582.462 8 S: 	rJ/qW7MRpQ2uszfk0jIjAZuHxT05SvekZ3Zn3QLFK/Yj9N89sjEZWqHaTm6pMtUxYqRJVHPX
1790324582.462 8 S: 	thP7OMIi8VebIvRIq3SU2Yw4xYuM+QHxVqQQSwBt7uzx2hYOMSM/iYC7wCES3TbKKRL/zVaT
1790324582.462 8 S: 	HPPGW0chyPxwwT8rnnHwHIa2x4xDMRhkcIzqYfbc50UEMlEESyZn0SHiMIGDvDwKOHvGQ4wH
1790324582.462 8 S: 	DgJRaNEf0CdG5D3dX0tlG1zTMSjJBapmYqRnEORcvZBASFp94UVg7AdEPyV1DNAOZkAXrxRI
1790324582.462 8 S: 	4yZxLlEjI10B8/jM0d32mBIz/wspvGWlyzVJYtEpzGvdY+OLum1CcyvcsvKqP7wVMjfYnoH1
1790324582.462 8 S: 	8e7QuI9otIHIQ4uNw8mmysyPG2yUQzZUp45fOCAG58qaFoFQ6R1+JNOewB8UctyCxxvf4Sfx
1790324582.462 8 S: 	IylGUFViCgw4aKOtwMr9Hku37g8lLTf2BjWsyNneAAAAAAAAAAAAAAAAAAAAAAAAAAAAAAAC
1790324582.462 8 S: 	CBEVGiA=
1790324582.462 8 S: From: ember <ember@spike.invalid>
1790324582.462 8 S: Newsgroups: fn.test
1790324582.462 8 S: Subject: ember logs in, guest's key signs
1790324582.462 8 S: Message-ID: <fn-client.20260925T081203Z.b92e3e21@ember.invalid>
1790324582.462 8 S: Date: Fri, 25 Sep 2026 08:12:03 +0000
1790324582.462 8 S: 
1790324582.462 8 S: login/principal gap
1790324582.462 8 S: .
1790324609.772 8 C: POST
1790324609.772 8 S: 340 send article to be posted
1790324609.773 8 C: Path: cyberspam!example.org!hbox
1790324609.773 8 C: From: ember <ember@example.org>
1790324609.773 8 C: Sender: ember <ember@spike.invalid>
1790324609.773 8 C: Message-ID: <cancel.fn-client.20260925T081203Z.b92e3e21@ember.invalid>
1790324609.773 8 C: X-Cancelled-By: ember <ember@example.org>
1790324609.773 8 C: X-Orig-Subject: ember logs in, guest's key signs
1790324609.773 8 C: Subject: cmsg cancel <fn-client.20260925T081203Z.b92e3e21@ember.invalid>
1790324609.773 8 C: Newsgroups: fn.test
1790324609.773 8 C: Control: cancel <fn-client.20260925T081203Z.b92e3e21@ember.invalid>
1790324609.773 8 C: User-Agent: tin/2.6.2-20221225 ("Pittyvaich") (Linux/6.11.0-29-generic (x86_64))
1790324609.773 8 C: 
1790324609.773 8 C: Path: fn.example.invalid!not-for-mail
1790324609.773 8 C: Injection-Info: fn.example.invalid
1790324609.773 8 C: FN-Authorship: AQFYIL37G8Fnpmg+BgKa+QBZPp+sgw9KwKnj7/tWy8HEub7rAVggMB1MBXsTh0oRJ2QyZ5rq
1790324609.773 8 C: 	x5iY3NY9htzeJefEn7CyOywCWQegietrQ0Oz0Pxynneqwd511s3pgM/fTK6H6erjLmf7GiG2
1790324609.773 8 C: 	Mh+2Xcb9zBAJEJPtl4AG8sO170xpQAySDp1a6FoYlBoziD4eAKuOBupFDPEs2tDa+CMCdf5k
1790324609.773 8 C: 	hgHC9S0sMxHn9jjSY3fP4YPBG2TOzVGakkOTjBrT72ayFROiNKMpEM0n0yT47CpoFUum/ZYV
1790324609.773 8 C: 	phkjlOPdTsfOuf+r16S+LuD5ALnpWj7thH0h4z+Tp6Z6HqMO+1N4A2B66NTTpnP0Cg7HKdN1
1790324609.773 8 C: 	DZJdMbk/qEH51sOa+EPbcIiAScc5LIPmuiSHgz/t3C6IITwxqi0AaQ7NOE2wtP1bm72uIabj
1790324609.773 8 C: 	Ml9/YeIySadfGwwicV596RJY7KWB9IZyian3n2NHcXkCZ2S9iD1AHyug7nhbzh5+SCozh5tl
1790324609.773 8 C: 	CB1DzV245oOtJpIfXvzrAyo6P4PLoQxt3SMo/BIR9bh3EK7UqrptJS8xB2j7+zq8EeRTO8T7
1790324609.773 8 C: 	KoDrfhgl+WGs4vqCmFaN9IVDFW+sIfbKFlvHwEcZAkwyN216LTnpn68RG2+5dSiZe85DtaDc
1790324609.773 8 C: 	DNvqHoUauc52QVYmYoHXYbbx72T78D4LivqbKB8nQQDICN6LDZJnGO/RHCuFjtVVYaekcQhl
1790324609.773 8 C: 	A0Bm1MOCLOLfsIICSTJ2owzCocxcx44DlVvWxDCn67xSc+b0PtlaOHasvM2SKh3mRRkpEF8i
1790324609.773 8 C: 	tGrqH42WsaW811RGo8V4MIuzio014Hik+zLVUrdli1Zk2cEqgqsPYGAtA9KeCmGHT/F4CNfL
1790324609.773 8 C: 	LCaZq4K0ZGVT86xsn9uf1Wn2ClG+J8hFoIgcIf4CY4XMH6YqM4qi2mk8KOYYB845VYntt8ih
1790324609.773 8 C: 	WSXNqdzdME/yZI/EBTAE54LreI0DxiWzAsPoDGn36CGx+yMrQ+rRB1eOJxD8WdXfS7lE9T4M
1790324609.773 8 C: 	Q6UmiC9+AjnKUOJ94ueI92d8pqXGb+qY5Fu/vfdz7W2VnPDuRsvEw0ooycf0GdoBIjAK8kII
1790324609.773 8 C: 	bcUtumVVCe+2RNJ0j7gicOALDQ89Ze4bj7ZnFKi2WRlkmx0rLaY5AwkvbpONjifra8/xA+q3
1790324609.773 8 C: 	pspubF3rTMRH/kKhokofEr4jRtt+1w0Fa+UcpblKeXF365Z1lkv1MH0d95xtvSZdQglSA32Y
1790324609.773 8 C: 	3xZEQ85PD9GqO1JHupugIi3WiJ5x7klwX3Q67NymxsmmQqnEXSWdco0fG7aKOfWWwnPc2DeW
1790324609.773 8 C: 	SfBmm/9dw5dPMGgWOlCAH90GQoyXoQwVsm64bFkQ3aA0DRSb+Bjy4px261ydbt+KzmGABpVL
1790324609.773 8 C: 	G+xLF3ciZpadXJ1LMft6NP0CFLyVOpf5m40k+LgD/vJ+jaAURkx70I3xH7Ypc4fdHICmpLsq
1790324609.773 8 C: 	GXeqQjFvW8jGDeKk+yS6fR29IEt6i47Sp9EA2lPc7HeiR3q375fglK4fpYiGriJrf8dp6X6a
1790324609.773 8 C: 	Pfnp/rTBReiQWRw21h/eF/9zndbs0cj8i3o3RdnWrUFH2M96+GcIrVMTUMZYpPtNmIzodajp
1790324609.773 8 C: 	zgzVOEnE+HI773T5ICxWR/iMQS8EPpkV7oitqhUW/x3iA5lLPsLF9S3JiGCN+5CkdDnsWeod
1790324609.773 8 C: 	pLKe+cX8+5LCNMAjsRqAakByB7A/OLW+JQFd4F+5Pbdzps2FKDS/w2rNL3kh4iI+xN5xgHeS
1790324609.773 8 C: 	qRRKBnCrTbMP1hTfG6JpGSp47Cgb8RXFakHuszcRuglcxT94KOuLmYGrPTtS+MNyMumN260N
1790324609.773 8 C: 	mpyP2vmNQJqpEjAQPtZH5SwT5w+qrQT2jJseKtbdB8RW/2ZBrtuCGK3D2Bqf1KOItpYuUiVy
1790324609.773 8 C: 	5t+dtguDdxkY09pYgi65Kt2IVrncn9jFmUawejp5aWsZpd1ki5Elg8X/Q6Jh5JYGRTqg6dav
1790324609.773 8 C: 	RFJC+eIyT0hrAJ5qsIQHft3eYEjJwHFgip/nun9hBWutC94dwwjigh0sOdnE/O476Z5OczfL
1790324609.773 8 C: 	bs1KX3Eth9Z+EgahHTQX/gxAlYq9YFAl4o2Ozr2k4f69gSsT7ZNB/SbAS8WRiq8mmc9PNc0S
1790324609.773 8 C: 	Ums7tBwcq5ikfOhpVBmRzR0XPb98xi2H40VGbiP4etawKYgaEqxgAS9IvoAlbA3miaaV047h
1790324609.773 8 C: 	iDQznjcoBKnb/4I4LXuV4BK0bCGeBdVScAupyWDCSXgs0FoeGYw1UXaPr7Nv03IWlTuCc3JQ
1790324609.773 8 C: 	tIFpmvfXO3ewDBWF1MpQDZwMgQlpjf7SHgviscHDPFvAm6GoJhlXAkfa1+7krU0t9xXsitjG
1790324609.773 8 C: 	+bsUmDlsRA+3tivKb9qpC6RMqw2q41urXRTZDgc1gD+1WYZs+vqMPvMeziFkt8LyNa5HXu9S
1790324609.773 8 C: 	5siXS39dPanDJvLRuGYHrzCN5/vtAvl0R+leakn6mb0prI8EK5IvwISUZeSmFJgrdH4ZtazY
1790324609.773 8 C: 	RRC/OkQMKJ42gAbFzExUA7Q/Y3/kCWGm8AH0omHlAtiN9gvT6isG6Q5vIpGtosZ0PWVbSUHV
1790324609.773 8 C: 	r5OZfw9R/kCdepWhdaqira+ny68t5yNhnoyrDZTAm5klRzsAl6RuZ+pGTIzTfV0MYM+7WmCk
1790324609.774 8 C: 	lJZWEgoHvDdVFN0kLRjjkRandFA0ZYnxOHjLLYohYk8q7jVD7n0PX1/sAOKganT554lLydmt
1790324609.774 8 C: 	7jQrCLJI8wKrvjqMbmQUdobG5CHJJS/tvVgt76tYQEc6hif2FpRmm6aXpESu0MC1rsqBPxCx
1790324609.774 8 C: 	9DSSfje/QS6ERF+/F33XfuQzSjtkeYe8YDzoXrMe2REK5E5rN0mIVQlZDO1ex038yBUVApbA
1790324609.774 8 C: 	J9CxOsD2QkADI7/ry00wY2TSGZQHTBW8WIBurfIuDpkVcnbSE7lq5Ay/txxC6yc17s/2c72M
1790324609.774 8 C: 	x/zWMbz80UL9aEDehqr7kTllO+Zn+AQtva3CDwLPTz5WfXLk+BEkZg0tET9vs1kVAkFfspfF
1790324609.774 8 C: 	Uw8srokKMgI2p5lFNtWJIyW7pukxMf4KJne3lN9zlvb+mdvuze27VuLSzfaZj2/H/bw9fjbI
1790324609.774 8 C: 	oosJss0R2SWORdjY4sA/axjqlQLmxKPlCmSJeJWoBtuoMdX7SmAdjaIA9ve7hUb+CRe3gprp
1790324609.774 8 C: 	afZEVBCc3N3dklXdYu6Cc8McgKi/g8oQ1n5jm0E7w+sv5B7K9TXbIUs5jNyti42+68zOBfmm
1790324609.774 8 C: 	a6bJj3U5FhvcLW11fLGN2cx04RiJq8sY2wGtN01Q5+1ABUzNUCEiDlxmq1ql5A37gywniR5f
1790324609.774 8 C: 	pgka3eCxnEtvKynO6i09sV4TqAr81WDkmqSQLN3RuwkZqbGOgGZhnpVRlD5V9DrKgd7HygRK
1790324609.813 8 C: 	VRtesJ2CN+ua7artdCMrxktLaQ0aBpt/ISeT+k0iaHaFnPyAkDcV5Mc2lF0rJADMF54Djmub
1790324609.813 8 C: 	dWXgQJo+H0TGU/IykmtlG9Ioa7zcZLig7Vt37wUB/sQ5WA320QgtIcRTu8fF7Ynkcd2MV3gW
1790324609.813 8 C: 	ewAHaH/m3jElobqsA/kEthT21U6PB7qXN0dS6S2SrQOIWL7FqpSAK19YcnwEWwWg/tcIYTS8
1790324609.814 8 C: 	w6Orfr64xAtk8qflvVGWUyOzHXVY9JJFQ3+RiWaTaMHrU0TPDNwnOIlgL7vFIMJ4lmV03K5G
1790324609.814 8 C: 	dKd4RA9V80u6rMXHLhwxBNdNOYqiwpII76dxjAvTPS+GGaj0hAjpFpRqSzb/XiLZKRss0x5F
1790324609.814 8 C: 	+T5imgAUA2BRGQ8r5gPDi11S8BjKYCva5cLFgPICYSB8FvZsLCnB/XsJ1aGhAJxWlzExQAdg
1790324609.814 8 C: 	NGIEC9pKJpXAVCNDnQE2iMD21SKMGrUmRcUQ07CZfyfo6O3UuOCfem/+nuxW+WN9pNoc12LY
1790324609.814 8 C: 	AvUVVu5I9TIyMnhItkKtQOQ4FsDnRXWCS8gDa2Ql6lzVpOjXxW0ZlQpLuyqULRyJsAbk+ILx
1790324609.814 8 C: 	nZSbx7EbgvWOQ6sW0qh24y1eFa6XpuQIh4yONwLxnyFVTeMMMQi63m5twbcqWW/SwjbcexIp
1790324609.814 8 C: 	HK1OgPXqw0iNC8cEl0EQNrfdrg8L89M41SzWBc25rc/qoMBf5gUUgTnfRJO76s/G7TLkuEtd
1790324609.814 8 C: 	/YafdhVmfEWBUV+79L1w7XsxXV+Y/Od1WcE94fuTmnkkoCpCuO2cO5nSWSWl/lPS0XXrjquG
1790324609.814 8 C: 	q3QJtc7V1sB/s9+7wRSY1A/zjP1/nckUjVlGYoxwhY7k/6Mm6f47B2/CDNDjhphb/ZNf4ccw
1790324609.814 8 C: 	Vk08ZhHAb/YkITLW4m8HDQWkRVHRIE39yO8yGNZWjVGOcKYY8hy+H4tINRGrUq9T8bcCnc8Z
1790324609.814 8 C: 	ZGdVR0bnvYfYZn6DrVon6/aWFqGXZoLCZsRMYU4vuNP40/jli0/jOeRDgvPLWUq+i3NE0vpn
1790324609.814 8 C: 	38aQSQRA2rv56seU7zsFyuBQDHy6OolbJLDgTt0u2LdoIFEltWqHWxggx1sRFZSt/5jaP8Xm
1790324609.814 8 C: 	7OQSW5qOtEo9gZCoB7n0B0VTeaZ1qxQv6LXlDSJBsTcFehzYluy8ga7bcM/J2Ev3xaAZN8f4
1790324609.814 8 C: 	356Ah+4WQRVtvIqIjje4xxN0DrcIvDqs2hjkYyEI8hqHlfGVj6jV5xAQM0KHiGkuSm4OWSDG
1790324609.814 8 C: 	Sy+5cvJooKjmiNsOwmV3Px2pow5PlT8U0/1NVugoxSxawBsNBi2hVbY+0yBnbAVy/fpjIsJc
1790324609.814 8 C: 	/X5MnHHYX1r03v89KOE/qAzzAFf8EQSoLaBZ751FKZbAxq5SPdbyFW4X2jGMe1I18UUXOagX
1790324609.814 8 C: 	i3Rghy5xdyVgS7mx3p+Ln4zpeaEMGuSXzZ6K8xFSxylMU/bupr6yrCVZQFz5taEbDIA/Heg8
1790324609.814 8 C: 	4TllmrfxsxVr9AU9rmM4lpFu2NMgwUZV3bdnDNkXZrnoisW2D0ETOri6EaB1I54sAHe15hqP
1790324609.814 8 C: 	PUyVzcjaIcJQTwt0or5DsStjVLwJ82yUa6x5RoaxN2W4nhLCXrMot7qOWYIWUxL4Q9wmdnuG
1790324609.814 8 C: 	9yJX/cXvxt3oKWW2oVru36DQbFmu0EcGn8WZfgtVvL3FDRURqP8VKpbA4TS4iPRjN0BiZJZE
1790324609.814 8 C: 	BX0X4vtLvqOacfq62pJms0/p1X0T4JTilCs8PL0f7hot84AehLzMkI9DTMhEEeaTql96JCdC
1790324609.814 8 C: 	oKMLpoNL7akLWwusBEpXhNW7KDUXH9VR3ZpB+bKOhG5zFjc+Rt9PUXYEpQfJqTmL1FZz7UEz
1790324609.814 8 C: 	lgvmEsnmPmcxYWFUFhQHTmM2u/bmA6ZQ46nVV/uZ2y7NDwboB8nhgcKwsk8oNhPlunB6hdap
1790324609.814 8 C: 	thXzTDp6ksfBrY8666IGX3kTDrQ/0iouFeDF7pREsbqYjD2O0bddZUf0MfxOXTrZvUupn7g5
1790324609.814 8 C: 	xFymvIMrO0BIaAq9kW2tZAOGguWF8YIDyS3VLUKZneipGMAb5TXQEkcmGRhUhrlFaglKIaIY
1790324609.814 8 C: 	M93lzPZpl9LaFkNCPE6+duZQsyanoVpskenEqdsvgRtxHH3XXRvE/pNV+DWSrBOjv8B7hWKO
1790324609.814 8 C: 	MOzyouDFCV3yOKVw0qlRRfLLEYxfnYZ+8TdJZr9fIcCbkRt04mNwQGAcZlgsJqt9pEkPBaeI
1790324609.814 8 C: 	M3tBN8VUv5Fl+Ivd5Z27wk8uiIezD3Jy72pfWiti0myGu+yc+6iNgGdx0Sy9TzFBaq7Qf2Xz
1790324609.814 8 C: 	GpvXUFBQtu0krYtbtqfpUTVKf7Y+KSKAtNz74udBU2bj4qIxa1IUs/iYMiuIs5zvDOXd1AdS
1790324609.814 8 C: 	DIIxt/spWZkDRloLgLJXvoW2jQsTJnwY/HHjaJ7vppC7g9qnwp2UzQtYkRRd1/R1KdBa8xBh
1790324609.814 8 C: 	/lnC6LgGvWuHFqQcDpF/A29rFjxWv4OUNmlVFpVvTLg+OEzX6c1C4GlcB0Q69y5O/TzoP7gN
1790324609.814 8 C: 	VXrI/m4phTRgbhdHlasJh9jr6f9I3mFxhGuPCpzboETopfCadHf/hpqBV5t1VhtJQPw4WZm8
1790324609.814 8 C: 	TuOEJLH0firKGJS1KWuE8H+hr/uZrvl4n6t2mKnj0liVR/7X+NYUkTd0OsBCwcExL2/vCq/e
1790324609.814 8 C: 	pVllWPZiyJVRE2iamtggYz6UhteGkP9T/34oHvlRX4BCP7HcON3Y9aN1BhtQRgXCTKRkhcUo
1790324609.814 8 C: 	OXyO8zk8sgk60omRgvAf30c+a3i/aAEW/JJsdm+QXnQdMQn+SqHXCpMaLvWfROQmeCaI0BaU
1790324609.814 8 C: 	HT07CLcmYw6+hw1j30cft7TUm+UCYeZn6iQoolxPVcDrz2jlMd5sWYd2cNesAP3ZRFVKGO2r
1790324609.814 8 C: 	pvVZvBdIhZwYVEIs8vfcQjIjdUQMGR8yc+8L9UXa5TiFoSucObAcmw/DgTkzKDm7FOl1fyhw
1790324609.814 8 C: 	mntU6xaglOoa7t9SQGuR3QziEiINaQrol9yxAgZ7rbUHoS/uFH4tG0FuVT/HPucuHF+nWhqX
1790324609.814 8 C: 	R4sMYgJFzQwnyumMTyqVOKMUhSfv9dsQuhRm5PigkeU4sLCg6sMdBbZUM3CTX9B88ES+PcjR
1790324609.814 8 C: 	bf9PGcdT2M3yVawabRU2bY4Xi5Oq0E0Z23DtlLLO/SXpMqhHIgiWQday4yrMLD/JfnU+zCL1
1790324609.814 8 C: 	kMFWYJ9J/cXpEZogQ2WHLoH8siR7PNSXTl09qlXAh1de2gSWnoVfiB/82QPGyhQLaBSW2Xan
1790324609.814 8 C: 	Ls3h8ANVdxtrNzQjUuhjculVZZOFOJi/+pGpb8Bw9foRoLRXMl5SjqXrfo40mNKYM0+Z4x3A
1790324609.814 8 C: 	T38MwsRHjFzV6kuvuCn2MJPY1A7j5lDMQJ1jO+t0j8qHtPCbRw6FxAFjxG2d1bDbg2sjrf0n
1790324609.814 8 C: 	CRGY2rQ7p0lWHllc25PAo9xSXhHyRzh1HYfMnGwFiE2l1t2gAf8ZdEjtv2dmE+EzQ6BB9QdJ
1790324609.814 8 C: 	rJ/qW7MRpQ2uszfk0jIjAZuHxT05SvekZ3Zn3QLFK/Yj9N89sjEZWqHaTm6pMtUxYqRJVHPX
1790324609.814 8 C: 	thP7OMIi8VebIvRIq3SU2Yw4xYuM+QHxVqQQSwBt7uzx2hYOMSM/iYC7wCES3TbKKRL/zVaT
1790324609.814 8 C: 	HPPGW0chyPxwwT8rnnHwHIa2x4xDMRhkcIzqYfbc50UEMlEESyZn0SHiMIGDvDwKOHvGQ4wH
1790324609.814 8 C: 	DgJRaNEf0CdG5D3dX0tlG1zTMSjJBapmYqRnEORcvZBASFp94UVg7AdEPyV1DNAOZkAXrxRI
1790324609.814 8 C: 	4yZxLlEjI10B8/jM0d32mBIz/wspvGWlyzVJYtEpzGvdY+OLum1CcyvcsvKqP7wVMjfYnoH1
1790324609.814 8 C: 	8e7QuI9otIHIQ4uNw8mmysyPG2yUQzZUp45fOCAG58qaFoFQ6R1+JNOewB8UctyCxxvf4Sfx
1790324609.814 8 C: 	IylGUFViCgw4aKOtwMr9Hku37g8lLTf2BjWsyNneAAAAAAAAAAAAAAAAAAAAAAAAAAAAAAAC
1790324609.814 8 C: 	CBEVGiA=
1790324609.814 8 C: From: ember <ember@spike.invalid>
1790324609.814 8 C: Newsgroups: fn.test
1790324609.814 8 C: Subject: ember logs in, guest's key signs
1790324609.814 8 C: Message-ID: <fn-client.20260925T081203Z.b92e3e21@ember.invalid>
1790324609.814 8 C: Date: Fri, 25 Sep 2026 08:12:03 +0000
1790324609.814 8 C: 
1790324609.814 8 C: login/principal gap
1790324609.814 8 C: a followup from tin
1790324609.814 8 C: .
1790324609.817 8 S: 441 posting failed; Path must not be supplied
1790324623.734 8 C: QUIT
1790324623.735 8 S: 205 closing connection
